country,year_and_month,average_count_per_day,average_total_per_day,average_total_successful_per_day
Argentina,2000-01,8.387096774193548,14.193548387096774,13.838709677419354
Australia,2000-01,5.419354838709677,8.96774193548387,8.741935483870968
Belgium,2000-01,11.225806451612904,18.483870967741936,17.870967741935484
Brazil,2000-01,6.806451612903226,13.483870967741936,12.903225806451612
Canada,2000-01,9.193548387096774,15.612903225806452,14.516129032258064
China,2000-01,22.838709677419356,36.806451612903224,34.03225806451613
Colombia,2000-01,8.935483870967742,15.161290322580646,14.774193548387096
Egypt,2000-01,6.741935483870968,12.580645161290322,12.35483870967742
France,2000-01,11.774193548387096,17.838709677419356,17.35483870967742
Germany,2000-01,10.741935483870968,17.322580645161292,16.451612903225808
Greece,2000-01,10.612903225806452,15.096774193548388,14.32258064516129
India,2000-01,27.903225806451612,39.903225806451616,36.516129032258064
Indonesia,2000-01,21.580645161290324,33.25806451612903,31.322580645161292
Iran,2000-01,6.741935483870968,13.870967741935484,13.064516129032258
Ireland,2000-01,11.806451612903226,20.258064516129032,19.64516129032258
Israel,2000-01,5.935483870967742,9.064516129032258,8.516129032258064
Italy,2000-01,9.548387096774194,14.709677419354838,14.32258064516129
Japan,2000-01,5.354838709677419,8.064516129032258,7.67741935483871
Mexico,2000-01,8.129032258064516,13.387096774193548,12.451612903225806
Netherlands,2000-01,10.35483870967742,15.67741935483871,14.64516129032258
Norway,2000-01,10.193548387096774,15.96774193548387,15.096774193548388
Pakistan,2000-01,22.032258064516128,32.67741935483871,31.225806451612904
Poland,2000-01,7.32258064516129,11.483870967741936,11.03225806451613
Portugal,2000-01,11.903225806451612,20.35483870967742,19.838709677419356
Russia,2000-01,5.064516129032258,9.03225806451613,8.290322580645162
Scotland,2000-01,10.193548387096774,17.870967741935484,16.806451612903224
South Africa,2000-01,6.032258064516129,10.0,9.806451612903226
South Korea,2000-01,5.774193548387097,10.838709677419354,10.580645161290322
Spain,2000-01,9.806451612903226,17.419354838709676,16.548387096774192
Sweden,2000-01,10.419354838709678,15.580645161290322,15.129032258064516
Turkey,2000-01,5.838709677419355,9.774193548387096,9.548387096774194
Ukraine,2000-01,5.548387096774194,8.870967741935484,8.516129032258064
United Kingdom,2000-01,10.612903225806452,16.967741935483872,16.35483870967742
United States,2000-01,9.064516129032258,14.935483870967742,14.580645161290322
Venezuela,2000-01,9.483870967741936,14.258064516129032,13.32258064516129
Argentina,2000-02,8.241379310344827,15.068965517241379,14.413793103448276
Australia,2000-02,6.0,11.03448275862069,10.344827586206897
Belgium,2000-02,10.793103448275861,18.379310344827587,17.75862068965517
Brazil,2000-02,7.241379310344827,10.517241379310345,10.03448275862069
Canada,2000-02,8.379310344827585,12.551724137931034,11.89655172413793
China,2000-02,20.75862068965517,30.689655172413794,28.93103448275862
Colombia,2000-02,9.517241379310345,16.96551724137931,16.03448275862069
Egypt,2000-02,7.206896551724138,10.137931034482758,9.793103448275861
France,2000-02,10.96551724137931,17.379310344827587,16.75862068965517
Germany,2000-02,10.241379310344827,16.586206896551722,16.310344827586206
Greece,2000-02,10.344827586206897,16.24137931034483,15.275862068965518
India,2000-02,27.896551724137932,40.758620689655174,39.3448275862069
Indonesia,2000-02,19.310344827586206,28.655172413793103,27.103448275862068
Iran,2000-02,5.689655172413793,8.517241379310345,7.896551724137931
Ireland,2000-02,11.137931034482758,15.137931034482758,13.482758620689655
Israel,2000-02,6.379310344827586,13.241379310344827,12.586206896551724
Italy,2000-02,10.517241379310345,16.103448275862068,15.655172413793103
Japan,2000-02,5.482758620689655,8.793103448275861,8.655172413793103
Mexico,2000-02,9.068965517241379,16.17241379310345,15.689655172413794
Netherlands,2000-02,10.96551724137931,19.586206896551722,18.82758620689655
Norway,2000-02,9.586206896551724,18.24137931034483,17.275862068965516
Pakistan,2000-02,21.620689655172413,34.13793103448276,32.93103448275862
Poland,2000-02,6.172413793103448,8.275862068965518,7.931034482758621
Portugal,2000-02,11.827586206896552,19.482758620689655,18.03448275862069
Russia,2000-02,5.241379310344827,8.413793103448276,8.206896551724139
Scotland,2000-02,10.482758620689655,15.0,14.310344827586206
South Africa,2000-02,6.103448275862069,11.689655172413794,11.03448275862069
South Korea,2000-02,6.103448275862069,12.10344827586207,10.0
Spain,2000-02,9.689655172413794,15.344827586206897,14.758620689655173
Sweden,2000-02,11.172413793103448,15.448275862068966,14.758620689655173
Turkey,2000-02,6.068965517241379,10.551724137931034,10.03448275862069
Ukraine,2000-02,5.310344827586207,8.413793103448276,7.620689655172414
United Kingdom,2000-02,10.862068965517242,18.620689655172413,17.620689655172413
United States,2000-02,9.03448275862069,15.275862068965518,14.793103448275861
Venezuela,2000-02,8.551724137931034,16.137931034482758,14.758620689655173
Argentina,2000-03,8.96774193548387,14.193548387096774,12.451612903225806
Australia,2000-03,5.612903225806452,8.419354838709678,7.354838709677419
Belgium,2000-03,10.03225806451613,20.322580645161292,19.06451612903226
Brazil,2000-03,7.645161290322581,12.838709677419354,12.161290322580646
Canada,2000-03,10.129032258064516,18.06451612903226,15.838709677419354
China,2000-03,19.870967741935484,31.322580645161292,29.580645161290324
Colombia,2000-03,8.387096774193548,14.96774193548387,14.580645161290322
Egypt,2000-03,7.870967741935484,11.806451612903226,11.419354838709678
France,2000-03,10.419354838709678,18.0,17.096774193548388
Germany,2000-03,10.096774193548388,14.03225806451613,13.741935483870968
Greece,2000-03,9.709677419354838,18.838709677419356,18.161290322580644
India,2000-03,25.903225806451612,40.58064516129032,37.96774193548387
Indonesia,2000-03,18.419354838709676,27.93548387096774,26.516129032258064
Iran,2000-03,5.483870967741935,9.387096774193548,9.129032258064516
Ireland,2000-03,10.580645161290322,17.774193548387096,15.96774193548387
Israel,2000-03,5.225806451612903,9.580645161290322,9.32258064516129
Italy,2000-03,9.064516129032258,14.258064516129032,13.03225806451613
Japan,2000-03,5.451612903225806,10.129032258064516,9.290322580645162
Mexico,2000-03,9.548387096774194,13.129032258064516,12.32258064516129
Netherlands,2000-03,10.096774193548388,13.67741935483871,12.870967741935484
Norway,2000-03,9.870967741935484,15.387096774193548,14.96774193548387
Pakistan,2000-03,22.548387096774192,37.41935483870968,34.83870967741935
Poland,2000-03,6.387096774193548,10.903225806451612,10.741935483870968
Portugal,2000-03,11.096774193548388,17.29032258064516,16.161290322580644
Russia,2000-03,5.32258064516129,8.838709677419354,8.612903225806452
Scotland,2000-03,10.225806451612904,17.483870967741936,17.129032258064516
South Africa,2000-03,6.064516129032258,10.935483870967742,10.193548387096774
South Korea,2000-03,6.193548387096774,10.935483870967742,10.67741935483871
Spain,2000-03,8.709677419354838,14.64516129032258,14.290322580645162
Sweden,2000-03,10.0,18.322580645161292,17.93548387096774
Turkey,2000-03,6.096774193548387,9.225806451612904,8.193548387096774
Ukraine,2000-03,6.258064516129032,10.516129032258064,9.612903225806452
United Kingdom,2000-03,11.0,17.838709677419356,17.35483870967742
United States,2000-03,9.838709677419354,16.548387096774192,16.258064516129032
Venezuela,2000-03,8.096774193548388,15.193548387096774,14.516129032258064
Argentina,2000-04,8.5,13.066666666666666,12.4
Australia,2000-04,6.0,9.766666666666667,9.466666666666667
Belgium,2000-04,9.266666666666667,16.433333333333334,16.0
Brazil,2000-04,7.7,11.866666666666667,11.033333333333333
Canada,2000-04,9.8,16.2,15.466666666666667
China,2000-04,19.1,32.53333333333333,30.666666666666668
Colombia,2000-04,8.733333333333333,15.9,15.433333333333334
Egypt,2000-04,7.5,13.166666666666666,12.666666666666666
France,2000-04,11.366666666666667,15.366666666666667,14.233333333333333
Germany,2000-04,8.9,10.366666666666667,9.8
Greece,2000-04,10.133333333333333,16.5,15.733333333333333
India,2000-04,27.1,38.56666666666667,36.5
Indonesia,2000-04,17.8,26.633333333333333,25.533333333333335
Iran,2000-04,5.166666666666667,10.8,9.833333333333334
Ireland,2000-04,9.2,16.333333333333332,15.566666666666666
Israel,2000-04,5.8,10.233333333333333,9.633333333333333
Italy,2000-04,9.466666666666667,15.3,14.866666666666667
Japan,2000-04,5.266666666666667,10.233333333333333,9.9
Mexico,2000-04,9.666666666666666,13.8,12.966666666666667
Netherlands,2000-04,9.866666666666667,16.533333333333335,15.5
Norway,2000-04,9.466666666666667,16.0,15.6
Pakistan,2000-04,20.433333333333334,37.8,35.8
Poland,2000-04,7.333333333333333,11.733333333333333,10.833333333333334
Portugal,2000-04,10.433333333333334,15.4,14.4
Russia,2000-04,4.933333333333334,10.9,10.433333333333334
Scotland,2000-04,9.9,15.933333333333334,15.266666666666667
South Africa,2000-04,5.6,8.533333333333333,8.3
South Korea,2000-04,6.233333333333333,10.1,9.9
Spain,2000-04,8.5,16.833333333333332,16.033333333333335
Sweden,2000-04,9.566666666666666,18.333333333333332,17.933333333333334
Turkey,2000-04,5.6,10.633333333333333,10.333333333333334
Ukraine,2000-04,5.433333333333334,10.766666666666667,10.066666666666666
United Kingdom,2000-04,11.7,21.533333333333335,20.733333333333334
United States,2000-04,10.433333333333334,15.933333333333334,15.4
Venezuela,2000-04,8.866666666666667,14.7,13.866666666666667
Argentina,2000-05,9.483870967741936,18.741935483870968,18.387096774193548
Australia,2000-05,5.967741935483871,10.548387096774194,10.161290322580646
Belgium,2000-05,8.290322580645162,16.161290322580644,15.580645161290322
Brazil,2000-05,6.741935483870968,13.774193548387096,12.870967741935484
Canada,2000-05,10.580645161290322,17.35483870967742,16.70967741935484
China,2000-05,20.29032258064516,30.322580645161292,28.741935483870968
Colombia,2000-05,8.516129032258064,15.225806451612904,14.612903225806452
Egypt,2000-05,6.580645161290323,12.129032258064516,11.580645161290322
France,2000-05,9.451612903225806,16.774193548387096,16.419354838709676
Germany,2000-05,9.419354838709678,13.483870967741936,12.64516129032258
Greece,2000-05,9.741935483870968,13.32258064516129,12.774193548387096
India,2000-05,24.903225806451612,38.03225806451613,36.16129032258065
Indonesia,2000-05,17.096774193548388,28.193548387096776,26.161290322580644
Iran,2000-05,6.838709677419355,12.838709677419354,12.548387096774194
Ireland,2000-05,9.67741935483871,14.483870967741936,13.96774193548387
Israel,2000-05,5.741935483870968,11.774193548387096,11.419354838709678
Italy,2000-05,9.161290322580646,15.193548387096774,14.35483870967742
Japan,2000-05,5.580645161290323,8.612903225806452,8.35483870967742
Mexico,2000-05,9.838709677419354,13.483870967741936,12.451612903225806
Netherlands,2000-05,7.870967741935484,11.193548387096774,10.741935483870968
Norway,2000-05,9.612903225806452,13.96774193548387,13.483870967741936
Pakistan,2000-05,21.580645161290324,34.45161290322581,33.45161290322581
Poland,2000-05,5.741935483870968,10.419354838709678,10.193548387096774
Portugal,2000-05,10.064516129032258,15.32258064516129,14.580645161290322
Russia,2000-05,4.935483870967742,8.806451612903226,8.225806451612904
Scotland,2000-05,8.870967741935484,15.161290322580646,14.774193548387096
South Africa,2000-05,5.838709677419355,7.419354838709677,7.0
South Korea,2000-05,6.129032258064516,8.838709677419354,7.806451612903226
Spain,2000-05,9.483870967741936,14.516129032258064,13.741935483870968
Sweden,2000-05,9.096774193548388,16.580645161290324,15.387096774193548
Turkey,2000-05,5.67741935483871,9.580645161290322,9.193548387096774
Ukraine,2000-05,4.064516129032258,9.741935483870968,8.129032258064516
United Kingdom,2000-05,11.161290322580646,18.096774193548388,17.451612903225808
United States,2000-05,9.96774193548387,15.03225806451613,14.67741935483871
Venezuela,2000-05,9.193548387096774,15.870967741935484,14.806451612903226
Argentina,2000-06,8.366666666666667,14.166666666666666,12.966666666666667
Australia,2000-06,5.433333333333334,11.1,9.866666666666667
Belgium,2000-06,9.266666666666667,13.266666666666667,12.766666666666667
Brazil,2000-06,8.033333333333333,13.466666666666667,12.766666666666667
Canada,2000-06,9.766666666666667,16.733333333333334,16.1
China,2000-06,20.066666666666666,28.033333333333335,26.466666666666665
Colombia,2000-06,9.7,14.733333333333333,14.333333333333334
Egypt,2000-06,6.466666666666667,10.133333333333333,9.633333333333333
France,2000-06,9.766666666666667,17.666666666666668,17.166666666666668
Germany,2000-06,9.0,14.333333333333334,13.8
Greece,2000-06,8.8,13.8,12.9
India,2000-06,24.833333333333332,39.1,38.13333333333333
Indonesia,2000-06,17.333333333333332,23.533333333333335,22.933333333333334
Iran,2000-06,6.133333333333334,9.066666666666666,8.733333333333333
Ireland,2000-06,8.366666666666667,14.6,14.233333333333333
Israel,2000-06,5.3,9.2,8.733333333333333
Italy,2000-06,8.433333333333334,15.633333333333333,15.133333333333333
Japan,2000-06,5.366666666666666,8.133333333333333,7.8
Mexico,2000-06,10.366666666666667,16.866666666666667,16.1
Netherlands,2000-06,9.8,16.133333333333333,15.266666666666667
Norway,2000-06,7.4,11.1,9.5
Pakistan,2000-06,20.033333333333335,30.766666666666666,28.6
Poland,2000-06,6.233333333333333,9.466666666666667,9.266666666666667
Portugal,2000-06,10.0,17.966666666666665,17.266666666666666
Russia,2000-06,4.833333333333333,8.4,8.033333333333333
Scotland,2000-06,8.233333333333333,12.166666666666666,11.166666666666666
South Africa,2000-06,6.1,9.633333333333333,9.4
South Korea,2000-06,5.7,12.133333333333333,11.7
Spain,2000-06,7.433333333333334,11.166666666666666,10.933333333333334
Sweden,2000-06,8.0,12.933333333333334,11.766666666666667
Turkey,2000-06,5.833333333333333,9.866666666666667,9.566666666666666
Ukraine,2000-06,5.7,8.5,8.333333333333334
United Kingdom,2000-06,10.866666666666667,18.166666666666668,17.066666666666666
United States,2000-06,9.466666666666667,15.033333333333333,14.0
Venezuela,2000-06,8.4,12.733333333333333,11.833333333333334
Argentina,2000-07,8.064516129032258,14.290322580645162,13.483870967741936
Australia,2000-07,5.0,7.709677419354839,7.387096774193548
Belgium,2000-07,7.870967741935484,14.0,13.580645161290322
Brazil,2000-07,7.580645161290323,11.741935483870968,11.290322580645162
Canada,2000-07,10.612903225806452,17.838709677419356,17.516129032258064
China,2000-07,19.096774193548388,28.516129032258064,27.0
Colombia,2000-07,8.290322580645162,15.161290322580646,14.709677419354838
Egypt,2000-07,6.161290322580645,9.483870967741936,8.774193548387096
France,2000-07,10.03225806451613,16.322580645161292,15.516129032258064
Germany,2000-07,8.806451612903226,14.225806451612904,13.290322580645162
Greece,2000-07,8.483870967741936,17.129032258064516,16.129032258064516
India,2000-07,24.612903225806452,38.74193548387097,36.483870967741936
Indonesia,2000-07,17.06451612903226,27.483870967741936,26.0
Iran,2000-07,5.709677419354839,6.548387096774194,5.935483870967742
Ireland,2000-07,9.32258064516129,15.258064516129032,14.709677419354838
Israel,2000-07,5.387096774193548,8.161290322580646,7.709677419354839
Italy,2000-07,8.258064516129032,12.741935483870968,12.419354838709678
Japan,2000-07,4.903225806451613,8.709677419354838,7.967741935483871
Mexico,2000-07,10.387096774193548,16.032258064516128,15.193548387096774
Netherlands,2000-07,9.612903225806452,12.903225806451612,11.741935483870968
Norway,2000-07,8.225806451612904,11.935483870967742,11.580645161290322
Pakistan,2000-07,21.774193548387096,34.67741935483871,33.38709677419355
Poland,2000-07,6.483870967741935,11.193548387096774,10.548387096774194
Portugal,2000-07,9.96774193548387,17.838709677419356,16.870967741935484
Russia,2000-07,5.225806451612903,9.096774193548388,8.806451612903226
Scotland,2000-07,8.935483870967742,14.129032258064516,13.225806451612904
South Africa,2000-07,5.225806451612903,7.903225806451613,7.645161290322581
South Korea,2000-07,5.161290322580645,8.0,7.419354838709677
Spain,2000-07,7.580645161290323,11.483870967741936,10.483870967741936
Sweden,2000-07,8.67741935483871,13.548387096774194,12.580645161290322
Turkey,2000-07,5.548387096774194,8.193548387096774,7.645161290322581
Ukraine,2000-07,5.419354838709677,10.451612903225806,8.96774193548387
United Kingdom,2000-07,10.064516129032258,19.096774193548388,17.774193548387096
United States,2000-07,10.129032258064516,17.741935483870968,16.612903225806452
Venezuela,2000-07,8.548387096774194,14.03225806451613,13.64516129032258
Argentina,2000-08,8.580645161290322,12.64516129032258,11.870967741935484
Australia,2000-08,5.290322580645161,8.67741935483871,8.387096774193548
Belgium,2000-08,8.580645161290322,13.709677419354838,13.0
Brazil,2000-08,6.612903225806452,11.387096774193548,11.064516129032258
Canada,2000-08,10.870967741935484,18.35483870967742,17.225806451612904
China,2000-08,18.516129032258064,28.967741935483872,28.193548387096776
Colombia,2000-08,8.161290322580646,14.838709677419354,14.290322580645162
Egypt,2000-08,7.161290322580645,12.64516129032258,12.290322580645162
France,2000-08,8.516129032258064,13.741935483870968,12.838709677419354
Germany,2000-08,8.419354838709678,12.580645161290322,12.03225806451613
Greece,2000-08,8.870967741935484,13.96774193548387,13.483870967741936
India,2000-08,22.322580645161292,36.903225806451616,35.935483870967744
Indonesia,2000-08,16.64516129032258,25.580645161290324,23.29032258064516
Iran,2000-08,5.935483870967742,10.580645161290322,10.0
Ireland,2000-08,9.32258064516129,15.161290322580646,14.483870967741936
Israel,2000-08,5.645161290322581,10.709677419354838,10.451612903225806
Italy,2000-08,7.483870967741935,12.419354838709678,12.129032258064516
Japan,2000-08,5.32258064516129,7.709677419354839,7.0
Mexico,2000-08,9.35483870967742,15.709677419354838,15.451612903225806
Netherlands,2000-08,7.580645161290323,12.193548387096774,11.806451612903226
Norway,2000-08,9.064516129032258,12.96774193548387,11.96774193548387
Pakistan,2000-08,21.06451612903226,31.419354838709676,29.612903225806452
Poland,2000-08,7.161290322580645,13.258064516129032,12.64516129032258
Portugal,2000-08,9.709677419354838,13.516129032258064,12.96774193548387
Russia,2000-08,4.903225806451613,8.290322580645162,7.903225806451613
Scotland,2000-08,8.03225806451613,12.741935483870968,11.774193548387096
South Africa,2000-08,5.32258064516129,9.096774193548388,8.838709677419354
South Korea,2000-08,5.548387096774194,8.225806451612904,7.580645161290323
Spain,2000-08,7.548387096774194,12.193548387096774,11.709677419354838
Sweden,2000-08,7.548387096774194,10.838709677419354,9.903225806451612
Turkey,2000-08,5.548387096774194,10.451612903225806,10.193548387096774
Ukraine,2000-08,5.161290322580645,10.387096774193548,10.0
United Kingdom,2000-08,10.225806451612904,18.806451612903224,17.483870967741936
United States,2000-08,10.451612903225806,17.612903225806452,17.387096774193548
Venezuela,2000-08,8.419354838709678,14.806451612903226,14.419354838709678
Argentina,2000-09,8.933333333333334,13.266666666666667,12.1
Australia,2000-09,5.033333333333333,6.966666666666667,6.866666666666666
Belgium,2000-09,7.766666666666667,13.3,12.533333333333333
Brazil,2000-09,7.833333333333333,14.366666666666667,14.066666666666666
Canada,2000-09,11.2,18.066666666666666,17.466666666666665
China,2000-09,17.3,26.3,24.9
Colombia,2000-09,8.7,15.566666666666666,15.033333333333333
Egypt,2000-09,6.0,10.0,8.866666666666667
France,2000-09,9.733333333333333,19.333333333333332,17.666666666666668
Germany,2000-09,7.933333333333334,14.533333333333333,14.166666666666666
Greece,2000-09,8.133333333333333,13.3,12.533333333333333
India,2000-09,23.733333333333334,33.4,32.13333333333333
Indonesia,2000-09,14.666666666666666,24.266666666666666,21.8
Iran,2000-09,5.566666666666666,10.7,10.433333333333334
Ireland,2000-09,8.433333333333334,15.733333333333333,15.0
Israel,2000-09,5.833333333333333,14.333333333333334,13.633333333333333
Italy,2000-09,6.9,13.133333333333333,12.633333333333333
Japan,2000-09,5.0,7.933333333333334,7.733333333333333
Mexico,2000-09,10.566666666666666,17.433333333333334,16.733333333333334
Netherlands,2000-09,7.766666666666667,13.0,11.866666666666667
Norway,2000-09,7.666666666666667,12.733333333333333,12.466666666666667
Pakistan,2000-09,18.766666666666666,31.766666666666666,30.2
Poland,2000-09,5.666666666666667,9.2,8.666666666666666
Portugal,2000-09,9.2,13.566666666666666,13.133333333333333
Russia,2000-09,4.266666666666667,8.933333333333334,8.8
Scotland,2000-09,7.633333333333334,12.133333333333333,11.0
South Africa,2000-09,6.1,11.933333333333334,11.066666666666666
South Korea,2000-09,5.933333333333334,8.766666666666667,8.5
Spain,2000-09,7.833333333333333,15.2,14.733333333333333
Sweden,2000-09,8.166666666666666,12.5,11.3
Turkey,2000-09,5.333333333333333,9.566666666666666,9.366666666666667
Ukraine,2000-09,4.9,9.4,8.8
United Kingdom,2000-09,9.6,16.266666666666666,15.666666666666666
United States,2000-09,10.233333333333333,15.4,14.566666666666666
Venezuela,2000-09,7.833333333333333,15.133333333333333,14.0
Argentina,2000-10,8.161290322580646,13.709677419354838,13.387096774193548
Australia,2000-10,6.0,11.03225806451613,10.806451612903226
Belgium,2000-10,8.161290322580646,12.096774193548388,10.774193548387096
Brazil,2000-10,7.129032258064516,11.35483870967742,11.03225806451613
Canada,2000-10,11.129032258064516,15.03225806451613,14.483870967741936
China,2000-10,15.774193548387096,23.129032258064516,21.741935483870968
Colombia,2000-10,8.03225806451613,14.35483870967742,13.741935483870968
Egypt,2000-10,6.225806451612903,10.32258064516129,10.0
France,2000-10,9.419354838709678,16.70967741935484,16.35483870967742
Germany,2000-10,7.0,11.806451612903226,11.419354838709678
Greece,2000-10,8.290322580645162,13.387096774193548,12.935483870967742
India,2000-10,23.483870967741936,32.12903225806452,30.838709677419356
Indonesia,2000-10,15.516129032258064,25.903225806451612,24.483870967741936
Iran,2000-10,6.129032258064516,9.129032258064516,8.838709677419354
Ireland,2000-10,8.516129032258064,13.838709677419354,13.419354838709678
Israel,2000-10,5.516129032258065,9.612903225806452,9.419354838709678
Italy,2000-10,7.870967741935484,12.612903225806452,10.870967741935484
Japan,2000-10,4.741935483870968,8.32258064516129,8.064516129032258
Mexico,2000-10,9.35483870967742,14.03225806451613,13.096774193548388
Netherlands,2000-10,8.548387096774194,13.129032258064516,12.709677419354838
Norway,2000-10,7.483870967741935,13.258064516129032,11.774193548387096
Pakistan,2000-10,18.29032258064516,32.61290322580645,31.032258064516128
Poland,2000-10,5.451612903225806,9.838709677419354,9.548387096774194
Portugal,2000-10,9.096774193548388,13.838709677419354,12.806451612903226
Russia,2000-10,4.774193548387097,7.548387096774194,7.225806451612903
Scotland,2000-10,8.451612903225806,15.483870967741936,14.451612903225806
South Africa,2000-10,5.806451612903226,11.064516129032258,10.32258064516129
South Korea,2000-10,5.67741935483871,10.193548387096774,9.903225806451612
Spain,2000-10,8.03225806451613,11.419354838709678,10.709677419354838
Sweden,2000-10,7.903225806451613,14.129032258064516,13.290322580645162
Turkey,2000-10,5.806451612903226,10.838709677419354,10.258064516129032
Ukraine,2000-10,4.935483870967742,8.161290322580646,7.645161290322581
United Kingdom,2000-10,10.0,16.903225806451612,15.903225806451612
United States,2000-10,9.64516129032258,15.806451612903226,13.774193548387096
Venezuela,2000-10,8.32258064516129,15.0,14.67741935483871
Argentina,2000-11,9.166666666666666,17.366666666666667,16.8
Australia,2000-11,6.3,9.266666666666667,8.533333333333333
Belgium,2000-11,9.033333333333333,15.8,14.833333333333334
Brazil,2000-11,6.066666666666666,8.266666666666667,7.8
Canada,2000-11,11.4,17.733333333333334,17.166666666666668
China,2000-11,14.933333333333334,23.0,21.666666666666668
Colombia,2000-11,8.4,12.433333333333334,12.0
Egypt,2000-11,6.5,11.533333333333333,11.3
France,2000-11,9.233333333333333,17.6,16.033333333333335
Germany,2000-11,7.233333333333333,14.3,13.133333333333333
Greece,2000-11,9.766666666666667,15.0,13.466666666666667
India,2000-11,22.566666666666666,34.4,33.03333333333333
Indonesia,2000-11,14.266666666666667,21.033333333333335,20.433333333333334
Iran,2000-11,4.533333333333333,7.533333333333333,6.766666666666667
Ireland,2000-11,8.2,12.566666666666666,12.033333333333333
Israel,2000-11,5.066666666666666,7.0,6.733333333333333
Italy,2000-11,7.066666666666666,10.8,10.466666666666667
Japan,2000-11,4.5,7.933333333333334,7.8
Mexico,2000-11,10.733333333333333,16.1,15.166666666666666
Netherlands,2000-11,7.866666666666666,14.066666666666666,13.7
Norway,2000-11,8.3,14.5,14.133333333333333
Pakistan,2000-11,17.866666666666667,26.933333333333334,24.966666666666665
Poland,2000-11,7.533333333333333,13.633333333333333,13.166666666666666
Portugal,2000-11,9.233333333333333,15.8,14.966666666666667
Russia,2000-11,6.166666666666667,10.533333333333333,9.8
Scotland,2000-11,8.3,11.866666666666667,10.966666666666667
South Africa,2000-11,4.9,10.1,9.2
South Korea,2000-11,5.466666666666667,14.066666666666666,13.433333333333334
Spain,2000-11,8.166666666666666,12.266666666666667,11.733333333333333
Sweden,2000-11,7.466666666666667,10.7,10.3
Turkey,2000-11,6.033333333333333,9.4,9.066666666666666
Ukraine,2000-11,5.433333333333334,8.033333333333333,7.866666666666666
United Kingdom,2000-11,9.733333333333333,12.1,11.233333333333333
United States,2000-11,11.066666666666666,19.766666666666666,18.933333333333334
Venezuela,2000-11,8.066666666666666,14.2,13.666666666666666
Argentina,2000-12,7.0,11.193548387096774,10.709677419354838
Australia,2000-12,4.580645161290323,8.612903225806452,7.806451612903226
Belgium,2000-12,7.935483870967742,15.064516129032258,14.161290322580646
Brazil,2000-12,6.67741935483871,10.03225806451613,9.870967741935484
Canada,2000-12,11.451612903225806,19.06451612903226,18.161290322580644
China,2000-12,15.32258064516129,24.612903225806452,23.967741935483872
Colombia,2000-12,8.741935483870968,13.193548387096774,12.225806451612904
Egypt,2000-12,6.387096774193548,12.35483870967742,11.935483870967742
France,2000-12,9.64516129032258,19.032258064516128,18.29032258064516
Germany,2000-12,8.451612903225806,13.32258064516129,12.612903225806452
Greece,2000-12,8.580645161290322,12.67741935483871,12.225806451612904
India,2000-12,23.580645161290324,32.225806451612904,30.741935483870968
Indonesia,2000-12,14.225806451612904,23.096774193548388,22.29032258064516
Iran,2000-12,5.483870967741935,9.580645161290322,9.35483870967742
Ireland,2000-12,9.193548387096774,14.0,13.258064516129032
Israel,2000-12,5.935483870967742,10.258064516129032,9.774193548387096
Italy,2000-12,7.290322580645161,10.580645161290322,10.32258064516129
Japan,2000-12,5.096774193548387,9.838709677419354,9.225806451612904
Mexico,2000-12,11.580645161290322,18.967741935483872,17.870967741935484
Netherlands,2000-12,9.161290322580646,17.774193548387096,16.774193548387096
Norway,2000-12,8.03225806451613,12.67741935483871,12.161290322580646
Pakistan,2000-12,18.774193548387096,30.161290322580644,28.806451612903224
Poland,2000-12,6.483870967741935,10.548387096774194,9.741935483870968
Portugal,2000-12,9.0,16.129032258064516,15.225806451612904
Russia,2000-12,4.387096774193548,7.709677419354839,7.516129032258065
Scotland,2000-12,9.225806451612904,14.806451612903226,14.32258064516129
South Africa,2000-12,4.419354838709677,7.258064516129032,6.935483870967742
South Korea,2000-12,6.258064516129032,8.64516129032258,8.387096774193548
Spain,2000-12,7.741935483870968,14.806451612903226,14.193548387096774
Sweden,2000-12,7.612903225806452,11.451612903225806,10.806451612903226
Turkey,2000-12,5.258064516129032,10.612903225806452,10.35483870967742
Ukraine,2000-12,4.096774193548387,8.32258064516129,8.096774193548388
United Kingdom,2000-12,8.483870967741936,12.806451612903226,12.35483870967742
United States,2000-12,10.64516129032258,18.032258064516128,17.612903225806452
Venezuela,2000-12,8.67741935483871,13.806451612903226,13.225806451612904
Argentina,2001-01,7.516129032258065,13.838709677419354,13.387096774193548
Australia,2001-01,5.838709677419355,11.67741935483871,11.193548387096774
Belgium,2001-01,8.225806451612904,14.96774193548387,14.419354838709678
Brazil,2001-01,7.354838709677419,10.67741935483871,9.774193548387096
Canada,2001-01,10.774193548387096,15.483870967741936,14.225806451612904
China,2001-01,15.451612903225806,24.322580645161292,23.096774193548388
Colombia,2001-01,8.225806451612904,12.935483870967742,11.516129032258064
Egypt,2001-01,5.838709677419355,8.064516129032258,7.741935483870968
France,2001-01,8.516129032258064,11.32258064516129,10.774193548387096
Germany,2001-01,6.838709677419355,13.0,12.516129032258064
Greece,2001-01,7.483870967741935,12.935483870967742,12.451612903225806
India,2001-01,22.483870967741936,37.38709677419355,36.193548387096776
Indonesia,2001-01,14.32258064516129,20.0,18.483870967741936
Iran,2001-01,5.258064516129032,9.03225806451613,8.67741935483871
Ireland,2001-01,9.096774193548388,13.709677419354838,13.290322580645162
Israel,2001-01,5.67741935483871,9.709677419354838,9.451612903225806
Italy,2001-01,7.548387096774194,10.483870967741936,9.67741935483871
Japan,2001-01,5.387096774193548,7.903225806451613,7.67741935483871
Mexico,2001-01,10.290322580645162,18.612903225806452,18.032258064516128
Netherlands,2001-01,8.129032258064516,13.451612903225806,13.096774193548388
Norway,2001-01,7.129032258064516,10.419354838709678,9.935483870967742
Pakistan,2001-01,19.838709677419356,30.967741935483872,29.322580645161292
Poland,2001-01,6.516129032258065,10.935483870967742,10.774193548387096
Portugal,2001-01,9.225806451612904,14.258064516129032,13.387096774193548
Russia,2001-01,5.129032258064516,8.129032258064516,7.935483870967742
Scotland,2001-01,8.387096774193548,12.387096774193548,12.096774193548388
South Africa,2001-01,5.32258064516129,9.064516129032258,8.838709677419354
South Korea,2001-01,5.67741935483871,12.03225806451613,11.516129032258064
Spain,2001-01,7.290322580645161,14.838709677419354,14.290322580645162
Sweden,2001-01,8.96774193548387,13.903225806451612,13.03225806451613
Turkey,2001-01,5.709677419354839,10.387096774193548,10.0
Ukraine,2001-01,4.967741935483871,10.0,9.67741935483871
United Kingdom,2001-01,9.419354838709678,16.548387096774192,15.290322580645162
United States,2001-01,10.419354838709678,17.580645161290324,17.0
Venezuela,2001-01,7.806451612903226,11.774193548387096,11.064516129032258
Argentina,2001-02,7.892857142857143,11.607142857142858,10.964285714285714
Australia,2001-02,5.678571428571429,11.178571428571429,10.714285714285714
Belgium,2001-02,7.821428571428571,10.964285714285714,10.035714285714286
Brazil,2001-02,7.25,13.142857142857142,12.821428571428571
Canada,2001-02,11.714285714285714,17.642857142857142,16.678571428571427
China,2001-02,16.0,24.571428571428573,23.642857142857142
Colombia,2001-02,7.214285714285714,9.428571428571429,9.035714285714286
Egypt,2001-02,5.964285714285714,8.535714285714286,8.107142857142858
France,2001-02,9.0,15.857142857142858,14.785714285714286
Germany,2001-02,8.214285714285714,12.214285714285714,11.785714285714286
Greece,2001-02,8.142857142857142,12.892857142857142,11.821428571428571
India,2001-02,23.142857142857142,39.714285714285715,37.67857142857143
Indonesia,2001-02,14.035714285714286,21.392857142857142,20.785714285714285
Iran,2001-02,5.392857142857143,10.5,10.0
Ireland,2001-02,8.107142857142858,15.142857142857142,14.214285714285714
Israel,2001-02,5.428571428571429,9.464285714285714,9.107142857142858
Italy,2001-02,8.571428571428571,10.75,10.214285714285714
Japan,2001-02,4.428571428571429,6.785714285714286,6.464285714285714
Mexico,2001-02,9.178571428571429,17.821428571428573,17.321428571428573
Netherlands,2001-02,6.928571428571429,10.607142857142858,10.0
Norway,2001-02,8.107142857142858,12.785714285714286,12.035714285714286
Pakistan,2001-02,20.214285714285715,29.785714285714285,28.428571428571427
Poland,2001-02,6.071428571428571,11.428571428571429,11.214285714285714
Portugal,2001-02,9.142857142857142,12.642857142857142,12.321428571428571
Russia,2001-02,5.035714285714286,10.5,10.142857142857142
Scotland,2001-02,7.428571428571429,12.892857142857142,12.607142857142858
South Africa,2001-02,4.678571428571429,9.142857142857142,8.107142857142858
South Korea,2001-02,6.678571428571429,12.071428571428571,11.821428571428571
Spain,2001-02,6.964285714285714,10.035714285714286,9.642857142857142
Sweden,2001-02,7.571428571428571,9.821428571428571,9.5
Turkey,2001-02,5.892857142857143,11.0,10.214285714285714
Ukraine,2001-02,5.428571428571429,7.285714285714286,7.142857142857143
United Kingdom,2001-02,8.5,17.392857142857142,16.392857142857142
United States,2001-02,10.678571428571429,15.357142857142858,14.464285714285714
Venezuela,2001-02,7.75,12.642857142857142,12.25
Argentina,2001-03,8.129032258064516,14.193548387096774,13.709677419354838
Australia,2001-03,5.354838709677419,9.419354838709678,9.161290322580646
Belgium,2001-03,7.967741935483871,12.0,11.451612903225806
Brazil,2001-03,6.67741935483871,10.03225806451613,8.935483870967742
Canada,2001-03,10.67741935483871,16.677419354838708,15.903225806451612
China,2001-03,16.35483870967742,24.93548387096774,24.193548387096776
Colombia,2001-03,7.806451612903226,13.419354838709678,13.064516129032258
Egypt,2001-03,6.548387096774194,12.451612903225806,11.580645161290322
France,2001-03,8.129032258064516,11.67741935483871,11.129032258064516
Germany,2001-03,8.064516129032258,14.096774193548388,13.580645161290322
Greece,2001-03,8.258064516129032,14.0,13.709677419354838
India,2001-03,23.451612903225808,35.70967741935484,34.67741935483871
Indonesia,2001-03,13.709677419354838,20.129032258064516,19.225806451612904
Iran,2001-03,5.67741935483871,11.064516129032258,10.838709677419354
Ireland,2001-03,8.612903225806452,12.580645161290322,12.193548387096774
Israel,2001-03,5.032258064516129,7.935483870967742,7.612903225806452
Italy,2001-03,7.645161290322581,12.32258064516129,12.0
Japan,2001-03,4.161290322580645,6.483870967741935,5.935483870967742
Mexico,2001-03,10.870967741935484,15.548387096774194,14.870967741935484
Netherlands,2001-03,7.354838709677419,11.870967741935484,10.548387096774194
Norway,2001-03,7.967741935483871,11.258064516129032,10.903225806451612
Pakistan,2001-03,19.193548387096776,30.903225806451612,29.903225806451612
Poland,2001-03,5.741935483870968,10.935483870967742,9.774193548387096
Portugal,2001-03,8.64516129032258,14.774193548387096,13.67741935483871
Russia,2001-03,5.483870967741935,11.129032258064516,10.96774193548387
Scotland,2001-03,7.580645161290323,14.516129032258064,13.774193548387096
South Africa,2001-03,5.419354838709677,8.387096774193548,8.096774193548388
South Korea,2001-03,5.709677419354839,9.225806451612904,7.838709677419355
Spain,2001-03,8.064516129032258,11.129032258064516,10.483870967741936
Sweden,2001-03,6.967741935483871,11.258064516129032,11.0
Turkey,2001-03,4.354838709677419,7.870967741935484,7.548387096774194
Ukraine,2001-03,4.419354838709677,6.225806451612903,5.612903225806452
United Kingdom,2001-03,9.451612903225806,17.225806451612904,16.806451612903224
United States,2001-03,10.741935483870968,17.741935483870968,16.64516129032258
Venezuela,2001-03,8.483870967741936,12.67741935483871,12.290322580645162
Argentina,2001-04,8.166666666666666,12.466666666666667,11.066666666666666
Australia,2001-04,4.4,6.866666666666666,6.4
Belgium,2001-04,7.766666666666667,12.333333333333334,11.7
Brazil,2001-04,6.633333333333334,11.5,9.9
Canada,2001-04,11.7,18.966666666666665,18.3
China,2001-04,17.333333333333332,28.566666666666666,27.866666666666667
Colombia,2001-04,8.333333333333334,11.833333333333334,11.466666666666667
Egypt,2001-04,5.8,9.1,8.633333333333333
France,2001-04,8.033333333333333,11.7,10.766666666666667
Germany,2001-04,7.9,11.333333333333334,10.666666666666666
Greece,2001-04,8.466666666666667,13.566666666666666,13.266666666666667
India,2001-04,21.966666666666665,36.233333333333334,35.06666666666667
Indonesia,2001-04,12.3,16.566666666666666,15.933333333333334
Iran,2001-04,4.866666666666666,7.6,7.0
Ireland,2001-04,8.2,13.533333333333333,12.8
Israel,2001-04,4.766666666666667,7.933333333333334,7.466666666666667
Italy,2001-04,6.666666666666667,10.266666666666667,9.433333333333334
Japan,2001-04,5.366666666666666,8.566666666666666,8.466666666666667
Mexico,2001-04,11.333333333333334,19.3,18.233333333333334
Netherlands,2001-04,8.1,14.266666666666667,13.9
Norway,2001-04,7.5,12.133333333333333,11.666666666666666
Pakistan,2001-04,18.366666666666667,26.433333333333334,25.766666666666666
Poland,2001-04,5.9,7.766666666666667,7.6
Portugal,2001-04,7.6,11.1,10.5
Russia,2001-04,4.466666666666667,9.166666666666666,8.966666666666667
Scotland,2001-04,8.166666666666666,12.766666666666667,11.833333333333334
South Africa,2001-04,5.433333333333334,8.966666666666667,8.766666666666667
South Korea,2001-04,4.933333333333334,9.0,8.3
Spain,2001-04,7.3,12.3,11.766666666666667
Sweden,2001-04,7.866666666666666,14.666666666666666,14.066666666666666
Turkey,2001-04,4.7,7.566666666666666,7.3
Ukraine,2001-04,4.733333333333333,7.8,7.5
United Kingdom,2001-04,8.533333333333333,12.833333333333334,12.166666666666666
United States,2001-04,10.833333333333334,17.433333333333334,17.1
Venezuela,2001-04,7.433333333333334,12.866666666666667,12.5
Argentina,2001-05,8.838709677419354,13.774193548387096,13.290322580645162
Australia,2001-05,5.451612903225806,9.67741935483871,8.451612903225806
Belgium,2001-05,7.709677419354839,11.096774193548388,10.225806451612904
Brazil,2001-05,7.161290322580645,8.935483870967742,8.35483870967742
Canada,2001-05,11.290322580645162,17.70967741935484,15.193548387096774
China,2001-05,13.870967741935484,19.29032258064516,18.580645161290324
Colombia,2001-05,7.935483870967742,13.935483870967742,13.225806451612904
Egypt,2001-05,6.32258064516129,11.32258064516129,9.935483870967742
France,2001-05,8.548387096774194,15.064516129032258,14.709677419354838
Germany,2001-05,8.709677419354838,14.225806451612904,13.741935483870968
Greece,2001-05,7.67741935483871,12.580645161290322,12.387096774193548
India,2001-05,22.0,35.61290322580645,34.193548387096776
Indonesia,2001-05,13.129032258064516,19.93548387096774,18.838709677419356
Iran,2001-05,4.483870967741935,7.774193548387097,7.67741935483871
Ireland,2001-05,8.806451612903226,17.129032258064516,16.419354838709676
Israel,2001-05,5.161290322580645,7.806451612903226,7.580645161290323
Italy,2001-05,8.096774193548388,11.064516129032258,10.612903225806452
Japan,2001-05,4.096774193548387,8.483870967741936,7.193548387096774
Mexico,2001-05,11.225806451612904,18.096774193548388,16.903225806451612
Netherlands,2001-05,7.258064516129032,13.193548387096774,12.838709677419354
Norway,2001-05,7.870967741935484,13.096774193548388,11.67741935483871
Pakistan,2001-05,17.129032258064516,25.0,23.70967741935484
Poland,2001-05,5.32258064516129,7.870967741935484,7.612903225806452
Portugal,2001-05,8.709677419354838,11.838709677419354,11.290322580645162
Russia,2001-05,4.516129032258065,7.290322580645161,6.741935483870968
Scotland,2001-05,7.032258064516129,12.483870967741936,11.064516129032258
South Africa,2001-05,5.096774193548387,9.0,8.67741935483871
South Korea,2001-05,5.225806451612903,6.709677419354839,6.516129032258065
Spain,2001-05,7.387096774193548,11.161290322580646,10.451612903225806
Sweden,2001-05,7.548387096774194,12.483870967741936,12.03225806451613
Turkey,2001-05,4.516129032258065,8.419354838709678,8.064516129032258
Ukraine,2001-05,4.612903225806452,9.483870967741936,9.387096774193548
United Kingdom,2001-05,9.387096774193548,14.419354838709678,13.580645161290322
United States,2001-05,11.516129032258064,18.419354838709676,16.903225806451612
Venezuela,2001-05,9.096774193548388,15.774193548387096,15.161290322580646
Argentina,2001-06,8.1,11.5,9.933333333333334
Australia,2001-06,5.166666666666667,8.433333333333334,7.7
Belgium,2001-06,7.566666666666666,11.966666666666667,11.433333333333334
Brazil,2001-06,6.933333333333334,11.1,10.833333333333334
Canada,2001-06,11.5,17.4,16.8
China,2001-06,14.7,23.333333333333332,22.033333333333335
Colombia,2001-06,7.933333333333334,12.8,12.233333333333333
Egypt,2001-06,5.566666666666666,10.833333333333334,10.333333333333334
France,2001-06,10.233333333333333,14.333333333333334,13.366666666666667
Germany,2001-06,7.633333333333334,11.933333333333334,10.5
Greece,2001-06,7.533333333333333,11.133333333333333,10.933333333333334
India,2001-06,20.833333333333332,30.733333333333334,28.566666666666666
Indonesia,2001-06,13.833333333333334,21.933333333333334,21.3
Iran,2001-06,5.1,10.1,9.9
Ireland,2001-06,7.566666666666666,10.766666666666667,10.433333333333334
Israel,2001-06,5.2,9.533333333333333,9.3
Italy,2001-06,7.333333333333333,11.266666666666667,11.033333333333333
Japan,2001-06,4.133333333333334,7.133333333333334,7.0
Mexico,2001-06,11.033333333333333,16.033333333333335,15.533333333333333
Netherlands,2001-06,8.866666666666667,15.8,14.4
Norway,2001-06,7.533333333333333,10.433333333333334,10.066666666666666
Pakistan,2001-06,19.0,26.733333333333334,25.5
Poland,2001-06,6.1,9.833333333333334,8.766666666666667
Portugal,2001-06,9.366666666666667,15.066666666666666,14.533333333333333
Russia,2001-06,4.733333333333333,9.433333333333334,9.166666666666666
Scotland,2001-06,8.8,14.933333333333334,14.266666666666667
South Africa,2001-06,4.866666666666666,7.133333333333334,6.9
South Korea,2001-06,5.266666666666667,7.133333333333334,6.733333333333333
Spain,2001-06,6.833333333333333,12.4,11.9
Sweden,2001-06,6.833333333333333,12.133333333333333,11.666666666666666
Turkey,2001-06,5.1,6.733333333333333,6.433333333333334
Ukraine,2001-06,4.833333333333333,7.933333333333334,7.066666666666666
United Kingdom,2001-06,9.133333333333333,15.866666666666667,14.2
United States,2001-06,11.366666666666667,17.333333333333332,16.733333333333334
Venezuela,2001-06,7.666666666666667,12.066666666666666,11.333333333333334
Argentina,2001-07,8.129032258064516,15.451612903225806,14.548387096774194
Australia,2001-07,4.709677419354839,8.741935483870968,8.548387096774194
Belgium,2001-07,8.709677419354838,13.64516129032258,12.838709677419354
Brazil,2001-07,6.258064516129032,10.03225806451613,9.225806451612904
Canada,2001-07,11.935483870967742,19.35483870967742,18.580645161290324
China,2001-07,14.67741935483871,22.548387096774192,21.129032258064516
Colombia,2001-07,8.451612903225806,12.516129032258064,10.96774193548387
Egypt,2001-07,6.612903225806452,12.483870967741936,12.193548387096774
France,2001-07,9.129032258064516,17.419354838709676,16.70967741935484
Germany,2001-07,7.258064516129032,11.064516129032258,10.838709677419354
Greece,2001-07,8.32258064516129,13.96774193548387,13.129032258064516
India,2001-07,20.838709677419356,31.06451612903226,29.483870967741936
Indonesia,2001-07,11.870967741935484,20.483870967741936,20.032258064516128
Iran,2001-07,4.870967741935484,10.193548387096774,9.290322580645162
Ireland,2001-07,8.35483870967742,15.03225806451613,14.580645161290322
Israel,2001-07,4.612903225806452,7.354838709677419,6.903225806451613
Italy,2001-07,7.870967741935484,15.129032258064516,14.096774193548388
Japan,2001-07,4.838709677419355,8.935483870967742,8.258064516129032
Mexico,2001-07,11.612903225806452,16.903225806451612,16.258064516129032
Netherlands,2001-07,7.516129032258065,13.838709677419354,13.451612903225806
Norway,2001-07,7.806451612903226,12.419354838709678,11.774193548387096
Pakistan,2001-07,17.93548387096774,25.838709677419356,24.258064516129032
Poland,2001-07,6.419354838709677,9.258064516129032,8.064516129032258
Portugal,2001-07,8.96774193548387,14.225806451612904,13.193548387096774
Russia,2001-07,5.096774193548387,10.903225806451612,10.193548387096774
Scotland,2001-07,8.03225806451613,12.870967741935484,12.419354838709678
South Africa,2001-07,5.451612903225806,8.451612903225806,8.290322580645162
South Korea,2001-07,5.548387096774194,10.483870967741936,10.193548387096774
Spain,2001-07,7.354838709677419,11.03225806451613,10.419354838709678
Sweden,2001-07,7.161290322580645,9.903225806451612,9.612903225806452
Turkey,2001-07,5.0,9.03225806451613,8.741935483870968
Ukraine,2001-07,4.903225806451613,8.516129032258064,8.225806451612904
United Kingdom,2001-07,8.548387096774194,16.322580645161292,15.67741935483871
United States,2001-07,11.064516129032258,16.903225806451612,16.193548387096776
Venezuela,2001-07,9.0,16.806451612903224,16.322580645161292
Argentina,2001-08,9.225806451612904,14.225806451612904,13.612903225806452
Australia,2001-08,5.483870967741935,9.35483870967742,9.161290322580646
Belgium,2001-08,8.129032258064516,15.03225806451613,13.903225806451612
Brazil,2001-08,7.129032258064516,13.0,11.935483870967742
Canada,2001-08,11.35483870967742,16.516129032258064,15.67741935483871
China,2001-08,14.35483870967742,22.516129032258064,20.580645161290324
Colombia,2001-08,8.193548387096774,16.612903225806452,14.806451612903226
Egypt,2001-08,5.548387096774194,9.193548387096774,8.838709677419354
France,2001-08,9.870967741935484,15.290322580645162,14.161290322580646
Germany,2001-08,7.935483870967742,14.548387096774194,14.193548387096774
Greece,2001-08,7.935483870967742,13.451612903225806,12.903225806451612
India,2001-08,21.741935483870968,29.870967741935484,28.838709677419356
Indonesia,2001-08,13.290322580645162,18.774193548387096,17.70967741935484
Iran,2001-08,4.548387096774194,6.935483870967742,6.741935483870968
Ireland,2001-08,8.419354838709678,13.64516129032258,13.387096774193548
Israel,2001-08,5.096774193548387,9.35483870967742,9.03225806451613
Italy,2001-08,6.67741935483871,11.67741935483871,11.129032258064516
Japan,2001-08,4.258064516129032,8.193548387096774,8.129032258064516
Mexico,2001-08,10.612903225806452,17.06451612903226,16.677419354838708
Netherlands,2001-08,8.612903225806452,13.96774193548387,12.64516129032258
Norway,2001-08,8.064516129032258,16.06451612903226,15.709677419354838
Pakistan,2001-08,17.580645161290324,29.838709677419356,28.29032258064516
Poland,2001-08,6.516129032258065,11.096774193548388,10.064516129032258
Portugal,2001-08,8.451612903225806,16.032258064516128,15.35483870967742
Russia,2001-08,4.387096774193548,7.516129032258065,7.129032258064516
Scotland,2001-08,7.451612903225806,12.96774193548387,12.387096774193548
South Africa,2001-08,5.225806451612903,11.161290322580646,10.64516129032258
South Korea,2001-08,4.580645161290323,6.451612903225806,6.225806451612903
Spain,2001-08,6.806451612903226,10.806451612903226,10.516129032258064
Sweden,2001-08,8.03225806451613,12.193548387096774,11.548387096774194
Turkey,2001-08,4.967741935483871,9.387096774193548,8.870967741935484
Ukraine,2001-08,4.161290322580645,7.0,6.870967741935484
United Kingdom,2001-08,9.064516129032258,13.516129032258064,12.806451612903226
United States,2001-08,11.32258064516129,15.548387096774194,14.741935483870968
Venezuela,2001-08,8.935483870967742,11.548387096774194,10.838709677419354
Argentina,2001-09,8.1,14.133333333333333,12.633333333333333
Australia,2001-09,5.4,10.4,9.3
Belgium,2001-09,8.5,11.766666666666667,10.8
Brazil,2001-09,6.966666666666667,12.566666666666666,11.833333333333334
Canada,2001-09,11.133333333333333,16.766666666666666,15.8
China,2001-09,15.4,23.3,21.533333333333335
Colombia,2001-09,8.233333333333333,12.366666666666667,11.833333333333334
Egypt,2001-09,5.666666666666667,7.9,7.8
France,2001-09,7.566666666666666,10.8,10.566666666666666
Germany,2001-09,7.6,12.1,11.8
Greece,2001-09,6.9,11.5,11.2
India,2001-09,21.8,31.5,28.566666666666666
Indonesia,2001-09,13.0,21.366666666666667,20.3
Iran,2001-09,4.3,6.733333333333333,6.466666666666667
Ireland,2001-09,7.6,13.5,13.233333333333333
Israel,2001-09,4.733333333333333,7.566666666666666,7.4
Italy,2001-09,7.033333333333333,9.633333333333333,9.3
Japan,2001-09,4.7,7.7,7.566666666666666
Mexico,2001-09,11.266666666666667,15.366666666666667,14.466666666666667
Netherlands,2001-09,8.6,13.2,12.566666666666666
Norway,2001-09,7.566666666666666,11.8,11.0
Pakistan,2001-09,18.666666666666668,27.3,25.8
Poland,2001-09,5.933333333333334,9.566666666666666,9.333333333333334
Portugal,2001-09,8.833333333333334,11.7,11.233333333333333
Russia,2001-09,5.2,8.766666666666667,8.433333333333334
Scotland,2001-09,8.033333333333333,11.1,10.166666666666666
South Africa,2001-09,4.733333333333333,7.866666666666666,7.2
South Korea,2001-09,5.533333333333333,8.766666666666667,8.6
Spain,2001-09,6.6,10.066666666666666,9.6
Sweden,2001-09,7.733333333333333,13.7,13.2
Turkey,2001-09,5.533333333333333,11.8,10.733333333333333
Ukraine,2001-09,5.366666666666666,10.1,9.966666666666667
United Kingdom,2001-09,8.633333333333333,13.1,12.633333333333333
United States,2001-09,10.966666666666667,18.733333333333334,18.1
Venezuela,2001-09,9.1,12.8,12.4
Argentina,2001-10,8.838709677419354,12.806451612903226,11.903225806451612
Australia,2001-10,4.709677419354839,8.935483870967742,7.225806451612903
Belgium,2001-10,7.258064516129032,11.096774193548388,10.741935483870968
Brazil,2001-10,7.419354838709677,12.096774193548388,11.516129032258064
Canada,2001-10,11.806451612903226,19.419354838709676,18.774193548387096
China,2001-10,14.064516129032258,23.64516129032258,22.161290322580644
Colombia,2001-10,8.483870967741936,15.64516129032258,14.838709677419354
Egypt,2001-10,5.548387096774194,8.903225806451612,8.612903225806452
France,2001-10,8.806451612903226,13.806451612903226,13.03225806451613
Germany,2001-10,7.193548387096774,9.935483870967742,9.387096774193548
Greece,2001-10,7.0,11.32258064516129,11.03225806451613
India,2001-10,22.806451612903224,34.935483870967744,33.193548387096776
Indonesia,2001-10,13.290322580645162,22.741935483870968,21.129032258064516
Iran,2001-10,4.838709677419355,8.096774193548388,7.645161290322581
Ireland,2001-10,8.225806451612904,13.387096774193548,12.67741935483871
Israel,2001-10,4.67741935483871,7.451612903225806,6.741935483870968
Italy,2001-10,7.645161290322581,11.290322580645162,10.774193548387096
Japan,2001-10,4.225806451612903,7.516129032258065,6.903225806451613
Mexico,2001-10,11.67741935483871,16.193548387096776,15.064516129032258
Netherlands,2001-10,7.967741935483871,12.096774193548388,11.709677419354838
Norway,2001-10,8.225806451612904,11.838709677419354,10.806451612903226
Pakistan,2001-10,18.838709677419356,27.548387096774192,26.29032258064516
Poland,2001-10,5.612903225806452,8.193548387096774,7.838709677419355
Portugal,2001-10,9.258064516129032,15.419354838709678,14.0
Russia,2001-10,4.612903225806452,7.258064516129032,7.129032258064516
Scotland,2001-10,7.096774193548387,11.741935483870968,11.096774193548388
South Africa,2001-10,4.935483870967742,9.612903225806452,8.290322580645162
South Korea,2001-10,5.258064516129032,11.129032258064516,10.806451612903226
Spain,2001-10,7.161290322580645,12.064516129032258,11.806451612903226
Sweden,2001-10,7.516129032258065,12.516129032258064,11.903225806451612
Turkey,2001-10,5.32258064516129,7.67741935483871,7.096774193548387
Ukraine,2001-10,4.741935483870968,7.838709677419355,7.258064516129032
United Kingdom,2001-10,8.516129032258064,13.64516129032258,12.903225806451612
United States,2001-10,11.064516129032258,17.516129032258064,16.580645161290324
Venezuela,2001-10,9.129032258064516,13.129032258064516,12.935483870967742
Argentina,2001-11,8.766666666666667,13.4,12.4
Australia,2001-11,5.466666666666667,10.733333333333333,10.566666666666666
Belgium,2001-11,7.733333333333333,13.3,12.966666666666667
Brazil,2001-11,7.566666666666666,13.766666666666667,13.466666666666667
Canada,2001-11,12.633333333333333,20.766666666666666,20.033333333333335
China,2001-11,14.0,23.533333333333335,23.2
Colombia,2001-11,7.8,12.933333333333334,11.966666666666667
Egypt,2001-11,6.133333333333334,9.633333333333333,8.766666666666667
France,2001-11,8.5,13.333333333333334,12.666666666666666
Germany,2001-11,8.466666666666667,13.4,12.633333333333333
Greece,2001-11,8.3,13.733333333333333,12.3
India,2001-11,23.4,38.4,37.0
Indonesia,2001-11,13.333333333333334,21.333333333333332,20.633333333333333
Iran,2001-11,4.9,6.966666666666667,6.366666666666666
Ireland,2001-11,7.033333333333333,10.433333333333334,10.1
Israel,2001-11,5.466666666666667,10.033333333333333,9.766666666666667
Italy,2001-11,7.333333333333333,9.533333333333333,9.066666666666666
Japan,2001-11,3.933333333333333,7.2,6.066666666666666
Mexico,2001-11,11.5,17.766666666666666,17.0
Netherlands,2001-11,8.266666666666667,14.4,13.9
Norway,2001-11,7.3,11.9,11.6
Pakistan,2001-11,19.533333333333335,30.433333333333334,28.8
Poland,2001-11,5.8,9.2,8.566666666666666
Portugal,2001-11,8.6,15.566666666666666,14.8
Russia,2001-11,4.7,5.866666666666666,5.733333333333333
Scotland,2001-11,7.966666666666667,12.366666666666667,11.933333333333334
South Africa,2001-11,4.833333333333333,7.0,6.833333333333333
South Korea,2001-11,5.533333333333333,9.066666666666666,8.833333333333334
Spain,2001-11,7.6,11.5,11.2
Sweden,2001-11,7.366666666666666,13.3,13.166666666666666
Turkey,2001-11,4.666666666666667,5.866666666666666,5.6
Ukraine,2001-11,3.6666666666666665,6.533333333333333,5.966666666666667
United Kingdom,2001-11,9.866666666666667,17.1,16.533333333333335
United States,2001-11,11.166666666666666,18.5,17.5
Venezuela,2001-11,9.4,15.0,14.533333333333333
Argentina,2001-12,8.870967741935484,15.516129032258064,14.193548387096774
Australia,2001-12,4.870967741935484,7.967741935483871,7.774193548387097
Belgium,2001-12,7.580645161290323,13.290322580645162,12.709677419354838
Brazil,2001-12,8.516129032258064,13.67741935483871,12.741935483870968
Canada,2001-12,13.258064516129032,20.451612903225808,19.516129032258064
China,2001-12,16.225806451612904,28.677419354838708,27.516129032258064
Colombia,2001-12,8.580645161290322,13.451612903225806,13.064516129032258
Egypt,2001-12,5.161290322580645,6.806451612903226,6.387096774193548
France,2001-12,8.129032258064516,11.806451612903226,11.35483870967742
Germany,2001-12,7.096774193548387,11.741935483870968,11.387096774193548
Greece,2001-12,7.903225806451613,13.612903225806452,13.225806451612904
India,2001-12,22.419354838709676,34.645161290322584,33.45161290322581
Indonesia,2001-12,12.935483870967742,21.29032258064516,20.64516129032258
Iran,2001-12,5.387096774193548,9.258064516129032,8.935483870967742
Ireland,2001-12,7.290322580645161,11.129032258064516,10.709677419354838
Israel,2001-12,5.419354838709677,9.03225806451613,8.741935483870968
Italy,2001-12,7.838709677419355,12.709677419354838,12.612903225806452
Japan,2001-12,4.419354838709677,8.516129032258064,7.709677419354839
Mexico,2001-12,11.709677419354838,18.483870967741936,17.93548387096774
Netherlands,2001-12,8.516129032258064,17.580645161290324,16.096774193548388
Norway,2001-12,7.870967741935484,12.03225806451613,11.387096774193548
Pakistan,2001-12,21.096774193548388,34.32258064516129,32.41935483870968
Poland,2001-12,6.032258064516129,12.064516129032258,11.709677419354838
Portugal,2001-12,8.096774193548388,12.806451612903226,12.64516129032258
Russia,2001-12,4.774193548387097,9.0,8.516129032258064
Scotland,2001-12,7.032258064516129,14.03225806451613,13.709677419354838
South Africa,2001-12,4.903225806451613,9.193548387096774,8.64516129032258
South Korea,2001-12,5.032258064516129,9.161290322580646,8.806451612903226
Spain,2001-12,7.096774193548387,11.0,10.580645161290322
Sweden,2001-12,6.774193548387097,10.0,9.64516129032258
Turkey,2001-12,5.354838709677419,9.193548387096774,8.741935483870968
Ukraine,2001-12,4.774193548387097,9.161290322580646,8.96774193548387
United Kingdom,2001-12,9.451612903225806,16.903225806451612,16.419354838709676
United States,2001-12,12.096774193548388,21.35483870967742,19.64516129032258
Venezuela,2001-12,8.838709677419354,13.741935483870968,13.35483870967742
Argentina,2002-01,8.774193548387096,12.774193548387096,11.387096774193548
Australia,2002-01,5.193548387096774,7.516129032258065,7.161290322580645
Belgium,2002-01,7.032258064516129,10.838709677419354,10.225806451612904
Brazil,2002-01,8.709677419354838,13.709677419354838,12.612903225806452
Canada,2002-01,13.096774193548388,21.258064516129032,20.612903225806452
China,2002-01,16.193548387096776,27.193548387096776,25.774193548387096
Colombia,2002-01,8.612903225806452,16.64516129032258,16.225806451612904
Egypt,2002-01,5.516129032258065,9.516129032258064,9.129032258064516
France,2002-01,8.0,11.935483870967742,11.290322580645162
Germany,2002-01,7.935483870967742,10.903225806451612,10.483870967741936
Greece,2002-01,8.064516129032258,14.0,12.96774193548387
India,2002-01,21.483870967741936,35.87096774193548,34.193548387096776
Indonesia,2002-01,14.67741935483871,25.0,22.774193548387096
Iran,2002-01,5.258064516129032,8.806451612903226,8.516129032258064
Ireland,2002-01,7.483870967741935,11.258064516129032,9.774193548387096
Israel,2002-01,5.548387096774194,8.870967741935484,8.741935483870968
Italy,2002-01,7.612903225806452,12.516129032258064,11.838709677419354
Japan,2002-01,4.612903225806452,5.967741935483871,5.67741935483871
Mexico,2002-01,12.129032258064516,19.741935483870968,18.741935483870968
Netherlands,2002-01,7.806451612903226,12.419354838709678,11.774193548387096
Norway,2002-01,7.548387096774194,11.290322580645162,10.741935483870968
Pakistan,2002-01,18.838709677419356,29.096774193548388,27.580645161290324
Poland,2002-01,5.612903225806452,8.741935483870968,8.096774193548388
Portugal,2002-01,8.129032258064516,14.387096774193548,13.903225806451612
Russia,2002-01,5.419354838709677,10.064516129032258,9.451612903225806
Scotland,2002-01,7.483870967741935,12.161290322580646,11.161290322580646
South Africa,2002-01,4.290322580645161,9.387096774193548,9.193548387096774
South Korea,2002-01,5.419354838709677,10.32258064516129,9.935483870967742
Spain,2002-01,6.838709677419355,12.35483870967742,12.064516129032258
Sweden,2002-01,5.838709677419355,11.096774193548388,10.67741935483871
Turkey,2002-01,4.935483870967742,8.35483870967742,8.161290322580646
Ukraine,2002-01,4.709677419354839,7.580645161290323,6.838709677419355
United Kingdom,2002-01,8.35483870967742,13.290322580645162,12.935483870967742
United States,2002-01,12.806451612903226,21.0,20.29032258064516
Venezuela,2002-01,9.387096774193548,14.0,12.193548387096774
Argentina,2002-02,8.785714285714286,14.5,13.928571428571429
Australia,2002-02,4.928571428571429,8.071428571428571,7.25
Belgium,2002-02,7.178571428571429,11.25,10.857142857142858
Brazil,2002-02,7.928571428571429,13.071428571428571,12.428571428571429
Canada,2002-02,14.75,22.357142857142858,21.392857142857142
China,2002-02,16.035714285714285,25.607142857142858,24.321428571428573
Colombia,2002-02,8.928571428571429,13.785714285714286,13.285714285714286
Egypt,2002-02,4.857142857142857,8.607142857142858,8.428571428571429
France,2002-02,9.0,15.535714285714286,14.642857142857142
Germany,2002-02,7.607142857142857,12.5,12.107142857142858
Greece,2002-02,6.928571428571429,10.071428571428571,9.607142857142858
India,2002-02,22.5,30.607142857142858,29.535714285714285
Indonesia,2002-02,14.571428571428571,22.928571428571427,21.714285714285715
Iran,2002-02,5.142857142857143,8.535714285714286,8.321428571428571
Ireland,2002-02,7.142857142857143,11.714285714285714,10.857142857142858
Israel,2002-02,4.5,6.178571428571429,5.785714285714286
Italy,2002-02,7.571428571428571,10.642857142857142,9.642857142857142
Japan,2002-02,4.392857142857143,8.571428571428571,8.214285714285714
Mexico,2002-02,12.892857142857142,19.25,17.964285714285715
Netherlands,2002-02,7.714285714285714,11.464285714285714,10.892857142857142
Norway,2002-02,6.964285714285714,11.285714285714286,10.964285714285714
Pakistan,2002-02,18.714285714285715,25.535714285714285,24.678571428571427
Poland,2002-02,5.928571428571429,9.107142857142858,8.5
Portugal,2002-02,8.142857142857142,11.785714285714286,11.428571428571429
Russia,2002-02,4.285714285714286,6.428571428571429,6.178571428571429
Scotland,2002-02,7.5,14.285714285714286,12.642857142857142
South Africa,2002-02,5.464285714285714,12.607142857142858,11.642857142857142
South Korea,2002-02,5.75,11.107142857142858,10.535714285714286
Spain,2002-02,7.0,11.285714285714286,10.428571428571429
Sweden,2002-02,6.642857142857143,10.178571428571429,9.464285714285714
Turkey,2002-02,5.392857142857143,10.214285714285714,9.428571428571429
Ukraine,2002-02,4.535714285714286,7.428571428571429,7.25
United Kingdom,2002-02,8.285714285714286,12.607142857142858,12.0
United States,2002-02,13.678571428571429,21.357142857142858,21.035714285714285
Venezuela,2002-02,9.25,16.821428571428573,16.035714285714285
Argentina,2002-03,9.129032258064516,14.612903225806452,13.64516129032258
Australia,2002-03,5.193548387096774,7.612903225806452,7.290322580645161
Belgium,2002-03,7.193548387096774,11.67741935483871,11.32258064516129
Brazil,2002-03,6.903225806451613,10.612903225806452,9.709677419354838
Canada,2002-03,15.483870967741936,20.838709677419356,19.161290322580644
China,2002-03,16.225806451612904,25.032258064516128,24.06451612903226
Colombia,2002-03,9.612903225806452,16.548387096774192,14.419354838709678
Egypt,2002-03,5.32258064516129,7.516129032258065,7.32258064516129
France,2002-03,8.32258064516129,11.838709677419354,11.387096774193548
Germany,2002-03,7.387096774193548,13.806451612903226,12.64516129032258
Greece,2002-03,8.0,13.129032258064516,12.129032258064516
India,2002-03,23.29032258064516,36.12903225806452,34.41935483870968
Indonesia,2002-03,13.903225806451612,20.387096774193548,19.70967741935484
Iran,2002-03,4.258064516129032,8.258064516129032,7.967741935483871
Ireland,2002-03,7.193548387096774,12.129032258064516,11.709677419354838
Israel,2002-03,4.870967741935484,7.935483870967742,7.709677419354839
Italy,2002-03,7.129032258064516,11.35483870967742,10.290322580645162
Japan,2002-03,5.032258064516129,9.258064516129032,8.096774193548388
Mexico,2002-03,15.806451612903226,24.70967741935484,23.06451612903226
Netherlands,2002-03,8.096774193548388,14.548387096774194,13.516129032258064
Norway,2002-03,6.903225806451613,9.935483870967742,9.516129032258064
Pakistan,2002-03,19.225806451612904,28.870967741935484,27.419354838709676
Poland,2002-03,5.483870967741935,8.935483870967742,8.580645161290322
Portugal,2002-03,8.96774193548387,15.161290322580646,14.612903225806452
Russia,2002-03,5.032258064516129,7.483870967741935,7.354838709677419
Scotland,2002-03,7.193548387096774,13.741935483870968,13.516129032258064
South Africa,2002-03,5.774193548387097,10.838709677419354,10.161290322580646
South Korea,2002-03,4.774193548387097,8.612903225806452,8.516129032258064
Spain,2002-03,6.774193548387097,10.129032258064516,9.580645161290322
Sweden,2002-03,5.645161290322581,8.32258064516129,8.0
Turkey,2002-03,5.193548387096774,9.64516129032258,9.419354838709678
Ukraine,2002-03,4.387096774193548,7.451612903225806,7.290322580645161
United Kingdom,2002-03,8.096774193548388,13.129032258064516,12.193548387096774
United States,2002-03,15.35483870967742,23.903225806451612,21.35483870967742
Venezuela,2002-03,8.96774193548387,15.612903225806452,15.129032258064516
Argentina,2002-04,8.466666666666667,13.633333333333333,12.566666666666666
Australia,2002-04,4.5,6.566666666666666,6.2
Belgium,2002-04,7.366666666666666,11.433333333333334,11.166666666666666
Brazil,2002-04,8.633333333333333,14.666666666666666,14.166666666666666
Canada,2002-04,15.666666666666666,24.533333333333335,23.966666666666665
China,2002-04,15.166666666666666,23.0,21.7
Colombia,2002-04,9.566666666666666,19.666666666666668,18.933333333333334
Egypt,2002-04,6.266666666666667,12.066666666666666,11.466666666666667
France,2002-04,9.033333333333333,15.066666666666666,14.6
Germany,2002-04,7.333333333333333,12.466666666666667,11.933333333333334
Greece,2002-04,7.4,10.966666666666667,10.666666666666666
India,2002-04,22.233333333333334,33.03333333333333,31.166666666666668
Indonesia,2002-04,14.633333333333333,23.333333333333332,23.0
Iran,2002-04,5.166666666666667,6.166666666666667,5.6
Ireland,2002-04,7.3,10.133333333333333,9.533333333333333
Israel,2002-04,5.433333333333334,9.033333333333333,8.866666666666667
Italy,2002-04,7.566666666666666,13.5,12.266666666666667
Japan,2002-04,4.466666666666667,6.733333333333333,6.466666666666667
Mexico,2002-04,14.066666666666666,22.166666666666668,21.6
Netherlands,2002-04,7.733333333333333,13.633333333333333,13.466666666666667
Norway,2002-04,6.7,11.433333333333334,11.166666666666666
Pakistan,2002-04,19.366666666666667,25.333333333333332,23.866666666666667
Poland,2002-04,5.266666666666667,9.133333333333333,8.633333333333333
Portugal,2002-04,8.166666666666666,12.066666666666666,11.366666666666667
Russia,2002-04,4.133333333333334,5.3,5.133333333333334
Scotland,2002-04,6.533333333333333,9.266666666666667,8.833333333333334
South Africa,2002-04,5.3,9.766666666666667,9.4
South Korea,2002-04,5.033333333333333,8.166666666666666,7.9
Spain,2002-04,7.133333333333334,10.633333333333333,10.233333333333333
Sweden,2002-04,8.533333333333333,14.266666666666667,14.1
Turkey,2002-04,4.9,9.066666666666666,8.733333333333333
Ukraine,2002-04,4.9,8.833333333333334,8.5
United Kingdom,2002-04,9.066666666666666,14.1,13.533333333333333
United States,2002-04,14.333333333333334,24.333333333333332,23.3
Venezuela,2002-04,9.566666666666666,16.1,15.466666666666667
Argentina,2002-05,9.64516129032258,16.70967741935484,15.935483870967742
Australia,2002-05,5.161290322580645,10.741935483870968,10.516129032258064
Belgium,2002-05,8.225806451612904,14.258064516129032,13.387096774193548
Brazil,2002-05,8.516129032258064,13.580645161290322,12.903225806451612
Canada,2002-05,14.483870967741936,20.70967741935484,19.677419354838708
China,2002-05,15.516129032258064,21.29032258064516,20.580645161290324
Colombia,2002-05,9.0,13.548387096774194,13.290322580645162
Egypt,2002-05,5.967741935483871,9.129032258064516,8.741935483870968
France,2002-05,8.129032258064516,13.225806451612904,13.0
Germany,2002-05,7.129032258064516,9.419354838709678,9.096774193548388
Greece,2002-05,6.129032258064516,9.290322580645162,8.806451612903226
India,2002-05,24.258064516129032,34.74193548387097,33.193548387096776
Indonesia,2002-05,13.870967741935484,22.741935483870968,20.806451612903224
Iran,2002-05,3.903225806451613,9.612903225806452,9.451612903225806
Ireland,2002-05,7.548387096774194,10.935483870967742,10.35483870967742
Israel,2002-05,5.161290322580645,7.838709677419355,7.483870967741935
Italy,2002-05,7.193548387096774,12.225806451612904,11.193548387096774
Japan,2002-05,5.0,8.548387096774194,8.35483870967742
Mexico,2002-05,14.516129032258064,20.580645161290324,19.967741935483872
Netherlands,2002-05,7.774193548387097,12.64516129032258,11.903225806451612
Norway,2002-05,7.419354838709677,12.548387096774194,11.774193548387096
Pakistan,2002-05,19.806451612903224,27.322580645161292,25.741935483870968
Poland,2002-05,5.483870967741935,8.32258064516129,7.225806451612903
Portugal,2002-05,8.03225806451613,12.32258064516129,11.612903225806452
Russia,2002-05,5.258064516129032,11.225806451612904,10.903225806451612
Scotland,2002-05,7.032258064516129,10.483870967741936,9.451612903225806
South Africa,2002-05,4.967741935483871,8.838709677419354,7.580645161290323
South Korea,2002-05,5.32258064516129,8.516129032258064,7.419354838709677
Spain,2002-05,6.354838709677419,9.193548387096774,8.774193548387096
Sweden,2002-05,6.774193548387097,11.387096774193548,10.129032258064516
Turkey,2002-05,5.0,8.64516129032258,8.096774193548388
Ukraine,2002-05,4.741935483870968,7.516129032258065,7.32258064516129
United Kingdom,2002-05,8.580645161290322,15.03225806451613,14.225806451612904
United States,2002-05,14.709677419354838,23.387096774193548,22.64516129032258
Venezuela,2002-05,9.806451612903226,17.741935483870968,16.387096774193548
Argentina,2002-06,9.7,12.533333333333333,12.133333333333333
Australia,2002-06,4.733333333333333,7.733333333333333,7.533333333333333
Belgium,2002-06,7.466666666666667,14.166666666666666,13.166666666666666
Brazil,2002-06,8.733333333333333,14.966666666666667,13.6
Canada,2002-06,14.733333333333333,24.2,23.2
China,2002-06,15.6,25.2,23.966666666666665
Colombia,2002-06,9.233333333333333,14.333333333333334,13.666666666666666
Egypt,2002-06,5.566666666666666,9.133333333333333,8.933333333333334
France,2002-06,8.1,14.1,13.666666666666666
Germany,2002-06,8.666666666666666,13.2,12.766666666666667
Greece,2002-06,6.5,13.166666666666666,12.266666666666667
India,2002-06,23.2,39.266666666666666,37.96666666666667
Indonesia,2002-06,14.166666666666666,22.5,21.8
Iran,2002-06,5.9,10.233333333333333,9.8
Ireland,2002-06,7.233333333333333,9.133333333333333,8.2
Israel,2002-06,5.533333333333333,9.433333333333334,9.033333333333333
Italy,2002-06,6.333333333333333,10.7,10.266666666666667
Japan,2002-06,4.533333333333333,8.533333333333333,8.366666666666667
Mexico,2002-06,14.366666666666667,23.333333333333332,22.466666666666665
Netherlands,2002-06,8.466666666666667,13.533333333333333,12.566666666666666
Norway,2002-06,6.733333333333333,10.166666666666666,8.533333333333333
Pakistan,2002-06,20.333333333333332,30.266666666666666,28.4
Poland,2002-06,5.8,11.233333333333333,10.533333333333333
Portugal,2002-06,8.4,11.5,10.466666666666667
Russia,2002-06,3.8666666666666667,7.2,6.433333333333334
Scotland,2002-06,7.6,12.533333333333333,11.9
South Africa,2002-06,5.4,8.9,8.2
South Korea,2002-06,5.366666666666666,8.1,7.966666666666667
Spain,2002-06,6.8,9.466666666666667,9.133333333333333
Sweden,2002-06,6.4,9.6,9.266666666666667
Turkey,2002-06,5.533333333333333,8.966666666666667,8.566666666666666
Ukraine,2002-06,5.5,7.4,7.0
United Kingdom,2002-06,7.7,11.766666666666667,11.266666666666667
United States,2002-06,13.833333333333334,23.433333333333334,22.866666666666667
Venezuela,2002-06,10.2,16.866666666666667,16.333333333333332
Argentina,2002-07,8.870967741935484,14.516129032258064,14.0
Australia,2002-07,4.419354838709677,7.548387096774194,7.354838709677419
Belgium,2002-07,6.67741935483871,9.806451612903226,9.612903225806452
Brazil,2002-07,8.129032258064516,12.580645161290322,12.193548387096774
Canada,2002-07,15.741935483870968,21.419354838709676,20.70967741935484
China,2002-07,16.35483870967742,24.193548387096776,23.0
Colombia,2002-07,9.96774193548387,15.741935483870968,15.064516129032258
Egypt,2002-07,4.903225806451613,8.548387096774194,7.741935483870968
France,2002-07,7.967741935483871,12.483870967741936,12.03225806451613
Germany,2002-07,6.903225806451613,12.064516129032258,10.935483870967742
Greece,2002-07,7.387096774193548,10.516129032258064,10.129032258064516
India,2002-07,25.225806451612904,36.806451612903224,35.03225806451613
Indonesia,2002-07,13.483870967741936,20.419354838709676,19.612903225806452
Iran,2002-07,4.064516129032258,5.67741935483871,5.419354838709677
Ireland,2002-07,7.548387096774194,11.806451612903226,10.451612903225806
Israel,2002-07,5.032258064516129,8.129032258064516,7.935483870967742
Italy,2002-07,6.354838709677419,8.935483870967742,8.35483870967742
Japan,2002-07,4.580645161290323,9.870967741935484,9.483870967741936
Mexico,2002-07,14.548387096774194,21.70967741935484,20.870967741935484
Netherlands,2002-07,6.935483870967742,10.290322580645162,10.0
Norway,2002-07,8.516129032258064,13.35483870967742,13.096774193548388
Pakistan,2002-07,20.806451612903224,31.032258064516128,29.741935483870968
Poland,2002-07,5.032258064516129,7.290322580645161,7.096774193548387
Portugal,2002-07,7.935483870967742,11.64516129032258,11.096774193548388
Russia,2002-07,5.225806451612903,7.709677419354839,7.354838709677419
Scotland,2002-07,6.67741935483871,10.838709677419354,10.612903225806452
South Africa,2002-07,4.967741935483871,8.483870967741936,8.258064516129032
South Korea,2002-07,5.903225806451613,8.580645161290322,8.161290322580646
Spain,2002-07,6.516129032258065,12.03225806451613,11.67741935483871
Sweden,2002-07,7.580645161290323,10.419354838709678,9.709677419354838
Turkey,2002-07,4.709677419354839,8.096774193548388,7.419354838709677
Ukraine,2002-07,5.0,8.451612903225806,8.225806451612904
United Kingdom,2002-07,8.290322580645162,12.516129032258064,11.806451612903226
United States,2002-07,15.67741935483871,23.612903225806452,22.161290322580644
Venezuela,2002-07,11.741935483870968,17.870967741935484,16.677419354838708
Argentina,2002-08,11.096774193548388,16.0,15.0
Australia,2002-08,4.516129032258065,7.645161290322581,7.387096774193548
Belgium,2002-08,5.838709677419355,12.064516129032258,11.709677419354838
Brazil,2002-08,8.161290322580646,12.387096774193548,11.516129032258064
Canada,2002-08,15.225806451612904,21.677419354838708,20.870967741935484
China,2002-08,16.193548387096776,27.161290322580644,25.096774193548388
Colombia,2002-08,10.0,14.96774193548387,14.451612903225806
Egypt,2002-08,5.225806451612903,9.064516129032258,8.612903225806452
France,2002-08,9.774193548387096,15.451612903225806,14.419354838709678
Germany,2002-08,6.774193548387097,12.806451612903226,12.387096774193548
Greece,2002-08,6.967741935483871,9.258064516129032,9.161290322580646
India,2002-08,26.032258064516128,40.774193548387096,38.774193548387096
Indonesia,2002-08,15.548387096774194,20.677419354838708,19.096774193548388
Iran,2002-08,5.580645161290323,10.580645161290322,9.258064516129032
Ireland,2002-08,7.290322580645161,11.838709677419354,11.548387096774194
Israel,2002-08,4.806451612903226,9.193548387096774,8.935483870967742
Italy,2002-08,7.258064516129032,12.612903225806452,12.32258064516129
Japan,2002-08,5.0,7.967741935483871,7.258064516129032
Mexico,2002-08,15.64516129032258,24.129032258064516,23.29032258064516
Netherlands,2002-08,7.709677419354839,12.516129032258064,12.225806451612904
Norway,2002-08,7.483870967741935,14.387096774193548,13.612903225806452
Pakistan,2002-08,21.64516129032258,32.935483870967744,30.967741935483872
Poland,2002-08,5.516129032258065,10.258064516129032,10.096774193548388
Portugal,2002-08,8.290322580645162,15.516129032258064,14.580645161290322
Russia,2002-08,4.580645161290323,6.903225806451613,6.612903225806452
Scotland,2002-08,6.032258064516129,7.0,6.709677419354839
South Africa,2002-08,4.645161290322581,6.67741935483871,6.483870967741935
South Korea,2002-08,5.032258064516129,8.096774193548388,7.967741935483871
Spain,2002-08,7.0,12.0,11.03225806451613
Sweden,2002-08,6.161290322580645,11.580645161290322,11.064516129032258
Turkey,2002-08,4.806451612903226,7.709677419354839,7.419354838709677
Ukraine,2002-08,5.32258064516129,10.870967741935484,10.709677419354838
United Kingdom,2002-08,8.580645161290322,12.903225806451612,12.225806451612904
United States,2002-08,14.580645161290322,22.741935483870968,21.967741935483872
Venezuela,2002-08,10.225806451612904,15.193548387096774,14.32258064516129
Argentina,2002-09,10.033333333333333,16.3,15.6
Australia,2002-09,4.433333333333334,6.333333333333333,5.966666666666667
Belgium,2002-09,7.0,10.7,9.866666666666667
Brazil,2002-09,10.466666666666667,18.833333333333332,18.433333333333334
Canada,2002-09,16.333333333333332,24.433333333333334,23.5
China,2002-09,15.133333333333333,23.466666666666665,21.466666666666665
Colombia,2002-09,8.933333333333334,13.5,13.266666666666667
Egypt,2002-09,6.133333333333334,9.766666666666667,9.366666666666667
France,2002-09,8.766666666666667,12.766666666666667,12.366666666666667
Germany,2002-09,7.1,10.833333333333334,10.433333333333334
Greece,2002-09,7.033333333333333,11.2,10.566666666666666
India,2002-09,27.466666666666665,42.0,40.233333333333334
Indonesia,2002-09,14.966666666666667,22.133333333333333,21.533333333333335
Iran,2002-09,5.166666666666667,9.733333333333333,9.5
Ireland,2002-09,7.366666666666666,12.033333333333333,11.733333333333333
Israel,2002-09,5.4,8.3,7.966666666666667
Italy,2002-09,6.9,9.9,9.8
Japan,2002-09,3.5,7.2,7.1
Mexico,2002-09,14.933333333333334,22.466666666666665,21.366666666666667
Netherlands,2002-09,6.833333333333333,11.7,11.2
Norway,2002-09,7.2,12.466666666666667,11.8
Pakistan,2002-09,21.3,31.4,30.0
Poland,2002-09,5.633333333333334,9.6,8.5
Portugal,2002-09,7.133333333333334,13.133333333333333,12.533333333333333
Russia,2002-09,4.4,6.633333333333334,6.533333333333333
Scotland,2002-09,6.866666666666666,13.233333333333333,12.6
South Africa,2002-09,4.633333333333334,8.6,8.466666666666667
South Korea,2002-09,5.266666666666667,10.766666666666667,9.666666666666666
Spain,2002-09,6.933333333333334,10.6,9.9
Sweden,2002-09,7.866666666666666,12.6,12.033333333333333
Turkey,2002-09,4.9,7.666666666666667,7.366666666666666
Ukraine,2002-09,5.166666666666667,8.966666666666667,8.8
United Kingdom,2002-09,8.966666666666667,13.233333333333333,12.566666666666666
United States,2002-09,16.466666666666665,28.9,27.4
Venezuela,2002-09,10.833333333333334,17.8,17.2
Argentina,2002-10,11.870967741935484,22.741935483870968,22.032258064516128
Australia,2002-10,3.967741935483871,7.645161290322581,7.32258064516129
Belgium,2002-10,6.516129032258065,10.548387096774194,9.741935483870968
Brazil,2002-10,7.967741935483871,12.806451612903226,12.548387096774194
Canada,2002-10,16.64516129032258,24.516129032258064,22.677419354838708
China,2002-10,15.419354838709678,25.838709677419356,24.580645161290324
Colombia,2002-10,11.225806451612904,16.06451612903226,15.03225806451613
Egypt,2002-10,5.870967741935484,10.419354838709678,10.03225806451613
France,2002-10,7.548387096774194,10.806451612903226,9.96774193548387
Germany,2002-10,7.387096774193548,10.32258064516129,9.774193548387096
Greece,2002-10,7.290322580645161,10.870967741935484,9.96774193548387
India,2002-10,28.838709677419356,49.70967741935484,47.70967741935484
Indonesia,2002-10,12.516129032258064,19.161290322580644,18.451612903225808
Iran,2002-10,4.741935483870968,8.193548387096774,8.064516129032258
Ireland,2002-10,7.516129032258065,12.64516129032258,12.129032258064516
Israel,2002-10,4.548387096774194,7.67741935483871,7.290322580645161
Italy,2002-10,7.32258064516129,9.67741935483871,9.32258064516129
Japan,2002-10,3.903225806451613,6.774193548387097,6.548387096774194
Mexico,2002-10,15.67741935483871,24.419354838709676,23.35483870967742
Netherlands,2002-10,6.548387096774194,8.903225806451612,8.516129032258064
Norway,2002-10,7.774193548387097,11.709677419354838,10.548387096774194
Pakistan,2002-10,22.29032258064516,32.32258064516129,30.35483870967742
Poland,2002-10,5.806451612903226,10.258064516129032,9.774193548387096
Portugal,2002-10,7.483870967741935,12.838709677419354,11.67741935483871
Russia,2002-10,4.129032258064516,6.354838709677419,6.096774193548387
Scotland,2002-10,7.387096774193548,13.096774193548388,11.96774193548387
South Africa,2002-10,4.709677419354839,8.32258064516129,7.935483870967742
South Korea,2002-10,5.483870967741935,8.0,7.580645161290323
Spain,2002-10,7.064516129032258,10.838709677419354,10.516129032258064
Sweden,2002-10,7.225806451612903,12.806451612903226,12.193548387096774
Turkey,2002-10,4.451612903225806,6.903225806451613,6.67741935483871
Ukraine,2002-10,5.580645161290323,11.67741935483871,11.419354838709678
United Kingdom,2002-10,8.774193548387096,15.64516129032258,15.387096774193548
United States,2002-10,16.838709677419356,23.580645161290324,22.451612903225808
Venezuela,2002-10,11.258064516129032,17.193548387096776,16.419354838709676
Argentina,2002-11,12.1,17.166666666666668,15.766666666666667
Australia,2002-11,4.3,7.566666666666666,6.933333333333334
Belgium,2002-11,6.933333333333334,11.2,9.933333333333334
Brazil,2002-11,9.266666666666667,13.566666666666666,13.1
Canada,2002-11,17.166666666666668,31.766666666666666,30.5
China,2002-11,14.233333333333333,22.066666666666666,20.866666666666667
Colombia,2002-11,11.033333333333333,18.366666666666667,17.633333333333333
Egypt,2002-11,4.866666666666666,5.833333333333333,5.533333333333333
France,2002-11,8.2,12.7,12.5
Germany,2002-11,6.933333333333334,11.566666666666666,11.166666666666666
Greece,2002-11,7.3,11.533333333333333,11.166666666666666
India,2002-11,26.133333333333333,39.733333333333334,37.766666666666666
Indonesia,2002-11,13.666666666666666,21.2,20.133333333333333
Iran,2002-11,4.733333333333333,8.3,8.233333333333333
Ireland,2002-11,7.4,10.833333333333334,10.366666666666667
Israel,2002-11,4.6,5.5,5.166666666666667
Italy,2002-11,6.233333333333333,11.266666666666667,9.9
Japan,2002-11,4.3,6.0,5.8
Mexico,2002-11,15.466666666666667,22.5,21.633333333333333
Netherlands,2002-11,7.633333333333334,11.9,11.3
Norway,2002-11,6.6,10.433333333333334,10.266666666666667
Pakistan,2002-11,24.033333333333335,39.36666666666667,37.5
Poland,2002-11,5.533333333333333,8.9,8.466666666666667
Portugal,2002-11,7.966666666666667,12.266666666666667,11.9
Russia,2002-11,5.2,10.266666666666667,10.066666666666666
Scotland,2002-11,7.1,10.966666666666667,10.733333333333333
South Africa,2002-11,5.233333333333333,7.533333333333333,7.333333333333333
South Korea,2002-11,5.133333333333334,8.966666666666667,8.1
Spain,2002-11,5.566666666666666,10.8,9.8
Sweden,2002-11,7.133333333333334,10.7,10.466666666666667
Turkey,2002-11,5.166666666666667,10.766666666666667,10.2
Ukraine,2002-11,4.633333333333334,6.933333333333334,6.7
United Kingdom,2002-11,8.666666666666666,12.966666666666667,12.333333333333334
United States,2002-11,16.833333333333332,26.3,24.833333333333332
Venezuela,2002-11,11.2,15.6,14.633333333333333
Argentina,2002-12,11.483870967741936,16.870967741935484,16.419354838709676
Australia,2002-12,4.806451612903226,7.290322580645161,7.0
Belgium,2002-12,7.419354838709677,11.387096774193548,11.225806451612904
Brazil,2002-12,9.580645161290322,15.870967741935484,14.064516129032258
Canada,2002-12,17.129032258064516,27.70967741935484,26.35483870967742
China,2002-12,15.419354838709678,24.741935483870968,23.580645161290324
Colombia,2002-12,11.193548387096774,19.258064516129032,18.516129032258064
Egypt,2002-12,6.580645161290323,12.774193548387096,11.935483870967742
France,2002-12,8.258064516129032,14.064516129032258,13.612903225806452
Germany,2002-12,7.193548387096774,12.03225806451613,11.35483870967742
Greece,2002-12,7.548387096774194,12.32258064516129,11.870967741935484
India,2002-12,27.35483870967742,41.096774193548384,39.03225806451613
Indonesia,2002-12,14.258064516129032,21.161290322580644,20.129032258064516
Iran,2002-12,4.516129032258065,8.129032258064516,7.967741935483871
Ireland,2002-12,7.838709677419355,11.258064516129032,10.387096774193548
Israel,2002-12,5.258064516129032,7.419354838709677,6.387096774193548
Italy,2002-12,6.612903225806452,10.35483870967742,9.935483870967742
Japan,2002-12,4.161290322580645,6.064516129032258,5.67741935483871
Mexico,2002-12,16.64516129032258,25.161290322580644,23.741935483870968
Netherlands,2002-12,6.870967741935484,10.870967741935484,10.225806451612904
Norway,2002-12,7.709677419354839,13.483870967741936,12.935483870967742
Pakistan,2002-12,24.0,35.32258064516129,34.16129032258065
Poland,2002-12,5.161290322580645,7.838709677419355,7.645161290322581
Portugal,2002-12,7.32258064516129,14.387096774193548,12.387096774193548
Russia,2002-12,4.838709677419355,9.67741935483871,8.838709677419354
Scotland,2002-12,6.774193548387097,10.806451612903226,10.387096774193548
South Africa,2002-12,4.741935483870968,7.612903225806452,7.096774193548387
South Korea,2002-12,4.967741935483871,9.096774193548388,9.03225806451613
Spain,2002-12,6.67741935483871,10.258064516129032,9.903225806451612
Sweden,2002-12,6.483870967741935,10.32258064516129,10.03225806451613
Turkey,2002-12,5.064516129032258,7.806451612903226,7.193548387096774
Ukraine,2002-12,4.161290322580645,6.741935483870968,6.32258064516129
United Kingdom,2002-12,7.419354838709677,11.516129032258064,9.96774193548387
United States,2002-12,18.29032258064516,28.806451612903224,27.451612903225808
Venezuela,2002-12,11.290322580645162,15.548387096774194,14.903225806451612
