ecommerce_website_name,week,count,total,total_successful
www.allibaba.com,"{2000-01-05 18:00:00, 2000-01-12 18:00:00}",529,706,677
www.allibaba.com,"{2000-01-12 18:00:00, 2000-01-19 18:00:00}",505,766,673
www.allibaba.com,"{2000-01-19 18:00:00, 2000-01-26 18:00:00}",499,780,750
www.allibaba.com,"{2000-01-26 18:00:00, 2000-02-02 18:00:00}",499,717,679
www.allibaba.com,"{2000-02-02 18:00:00, 2000-02-09 18:00:00}",501,697,667
www.allibaba.com,"{2000-02-09 18:00:00, 2000-02-16 18:00:00}",486,716,690
www.allibaba.com,"{2000-02-16 18:00:00, 2000-02-23 18:00:00}",490,745,700
www.allibaba.com,"{2000-02-23 18:00:00, 2000-03-01 18:00:00}",488,719,675
www.allibaba.com,"{2000-03-01 18:00:00, 2000-03-08 18:00:00}",490,797,769
www.allibaba.com,"{2000-03-08 18:00:00, 2000-03-15 18:00:00}",466,651,622
www.allibaba.com,"{2000-03-15 18:00:00, 2000-03-22 18:00:00}",476,729,673
www.allibaba.com,"{2000-03-22 18:00:00, 2000-03-29 18:00:00}",471,766,695
www.allibaba.com,"{2000-03-29 18:00:00, 2000-04-05 19:00:00}",472,649,611
www.allibaba.com,"{2000-04-05 19:00:00, 2000-04-12 19:00:00}",480,728,702
www.allibaba.com,"{2000-04-12 19:00:00, 2000-04-19 19:00:00}",466,693,637
www.allibaba.com,"{2000-04-19 19:00:00, 2000-04-26 19:00:00}",471,675,654
www.allibaba.com,"{2000-04-26 19:00:00, 2000-05-03 19:00:00}",476,709,676
www.allibaba.com,"{2000-05-03 19:00:00, 2000-05-10 19:00:00}",443,657,601
www.allibaba.com,"{2000-05-10 19:00:00, 2000-05-17 19:00:00}",444,663,639
www.allibaba.com,"{2000-05-17 19:00:00, 2000-05-24 19:00:00}",433,639,617
www.allibaba.com,"{2000-05-24 19:00:00, 2000-05-31 19:00:00}",421,675,644
www.allibaba.com,"{2000-05-31 19:00:00, 2000-06-07 19:00:00}",424,654,608
www.allibaba.com,"{2000-06-07 19:00:00, 2000-06-14 19:00:00}",410,569,547
www.allibaba.com,"{2000-06-14 19:00:00, 2000-06-21 19:00:00}",426,574,541
www.allibaba.com,"{2000-06-21 19:00:00, 2000-06-28 19:00:00}",409,507,487
www.allibaba.com,"{2000-06-28 19:00:00, 2000-07-05 19:00:00}",412,556,535
www.allibaba.com,"{2000-07-05 19:00:00, 2000-07-12 19:00:00}",415,583,545
www.allibaba.com,"{2000-07-12 19:00:00, 2000-07-19 19:00:00}",409,645,622
www.allibaba.com,"{2000-07-19 19:00:00, 2000-07-26 19:00:00}",409,618,590
www.allibaba.com,"{2000-07-26 19:00:00, 2000-08-02 19:00:00}",411,621,571
www.allibaba.com,"{2000-08-02 19:00:00, 2000-08-09 19:00:00}",393,612,599
www.allibaba.com,"{2000-08-09 19:00:00, 2000-08-16 19:00:00}",400,599,582
www.allibaba.com,"{2000-08-16 19:00:00, 2000-08-23 19:00:00}",397,549,516
www.allibaba.com,"{2000-08-23 19:00:00, 2000-08-30 19:00:00}",381,561,537
www.allibaba.com,"{2000-08-30 19:00:00, 2000-09-06 19:00:00}",369,543,514
www.allibaba.com,"{2000-09-06 19:00:00, 2000-09-13 19:00:00}",357,615,594
www.allibaba.com,"{2000-09-13 19:00:00, 2000-09-20 19:00:00}",344,403,384
www.allibaba.com,"{2000-09-20 19:00:00, 2000-09-27 19:00:00}",342,505,473
www.allibaba.com,"{2000-09-27 19:00:00, 2000-10-04 19:00:00}",341,478,436
www.allibaba.com,"{2000-10-04 19:00:00, 2000-10-11 19:00:00}",336,491,480
www.allibaba.com,"{2000-10-11 19:00:00, 2000-10-18 19:00:00}",339,531,511
www.allibaba.com,"{2000-10-18 19:00:00, 2000-10-25 19:00:00}",350,582,572
www.allibaba.com,"{2000-10-25 19:00:00, 2000-11-01 18:00:00}",347,544,522
www.allibaba.com,"{2000-11-01 18:00:00, 2000-11-08 18:00:00}",347,553,520
www.allibaba.com,"{2000-11-08 18:00:00, 2000-11-15 18:00:00}",342,499,487
www.allibaba.com,"{2000-11-15 18:00:00, 2000-11-22 18:00:00}",332,460,436
www.allibaba.com,"{2000-11-22 18:00:00, 2000-11-29 18:00:00}",329,520,493
www.allibaba.com,"{2000-11-29 18:00:00, 2000-12-06 18:00:00}",332,453,432
www.allibaba.com,"{2000-12-06 18:00:00, 2000-12-13 18:00:00}",331,461,433
www.allibaba.com,"{2000-12-13 18:00:00, 2000-12-20 18:00:00}",337,496,471
www.allibaba.com,"{2000-12-20 18:00:00, 2000-12-27 18:00:00}",343,464,454
www.allibaba.com,"{2000-12-27 18:00:00, 2001-01-03 18:00:00}",342,514,499
www.allibaba.com,"{2001-01-03 18:00:00, 2001-01-10 18:00:00}",344,510,462
www.allibaba.com,"{2001-01-10 18:00:00, 2001-01-17 18:00:00}",329,504,470
www.allibaba.com,"{2001-01-17 18:00:00, 2001-01-24 18:00:00}",343,536,521
www.allibaba.com,"{2001-01-24 18:00:00, 2001-01-31 18:00:00}",344,469,448
www.allibaba.com,"{2001-01-31 18:00:00, 2001-02-07 18:00:00}",345,563,548
www.allibaba.com,"{2001-02-07 18:00:00, 2001-02-14 18:00:00}",340,440,417
www.allibaba.com,"{2001-02-14 18:00:00, 2001-02-21 18:00:00}",341,428,409
www.allibaba.com,"{2001-02-21 18:00:00, 2001-02-28 18:00:00}",342,504,483
www.allibaba.com,"{2001-02-28 18:00:00, 2001-03-07 18:00:00}",337,497,479
www.allibaba.com,"{2001-03-07 18:00:00, 2001-03-14 18:00:00}",347,499,486
www.allibaba.com,"{2001-03-14 18:00:00, 2001-03-21 18:00:00}",335,536,515
www.allibaba.com,"{2001-03-21 18:00:00, 2001-03-28 18:00:00}",324,509,482
www.allibaba.com,"{2001-03-28 18:00:00, 2001-04-04 19:00:00}",321,459,442
www.allibaba.com,"{2001-04-04 19:00:00, 2001-04-11 19:00:00}",325,474,465
www.allibaba.com,"{2001-04-11 19:00:00, 2001-04-18 19:00:00}",318,427,405
www.allibaba.com,"{2001-04-18 19:00:00, 2001-04-25 19:00:00}",322,515,501
www.allibaba.com,"{2001-04-25 19:00:00, 2001-05-02 19:00:00}",322,432,420
www.allibaba.com,"{2001-05-02 19:00:00, 2001-05-09 19:00:00}",309,417,402
www.allibaba.com,"{2001-05-09 19:00:00, 2001-05-16 19:00:00}",303,465,441
www.allibaba.com,"{2001-05-16 19:00:00, 2001-05-23 19:00:00}",303,417,400
www.allibaba.com,"{2001-05-23 19:00:00, 2001-05-30 19:00:00}",298,410,372
www.allibaba.com,"{2001-05-30 19:00:00, 2001-06-06 19:00:00}",305,438,426
www.allibaba.com,"{2001-06-06 19:00:00, 2001-06-13 19:00:00}",319,496,475
www.allibaba.com,"{2001-06-13 19:00:00, 2001-06-20 19:00:00}",320,359,342
www.allibaba.com,"{2001-06-20 19:00:00, 2001-06-27 19:00:00}",321,445,435
www.allibaba.com,"{2001-06-27 19:00:00, 2001-07-04 19:00:00}",311,459,443
www.allibaba.com,"{2001-07-04 19:00:00, 2001-07-11 19:00:00}",298,420,403
www.allibaba.com,"{2001-07-11 19:00:00, 2001-07-18 19:00:00}",302,404,389
www.allibaba.com,"{2001-07-18 19:00:00, 2001-07-25 19:00:00}",298,530,493
www.allibaba.com,"{2001-07-25 19:00:00, 2001-08-01 19:00:00}",313,436,416
www.allibaba.com,"{2001-08-01 19:00:00, 2001-08-08 19:00:00}",300,431,415
www.allibaba.com,"{2001-08-08 19:00:00, 2001-08-15 19:00:00}",311,479,427
www.allibaba.com,"{2001-08-15 19:00:00, 2001-08-22 19:00:00}",300,420,402
www.allibaba.com,"{2001-08-22 19:00:00, 2001-08-29 19:00:00}",304,452,445
www.allibaba.com,"{2001-08-29 19:00:00, 2001-09-05 19:00:00}",296,363,348
www.allibaba.com,"{2001-09-05 19:00:00, 2001-09-12 19:00:00}",298,446,435
www.allibaba.com,"{2001-09-12 19:00:00, 2001-09-19 19:00:00}",304,415,388
www.allibaba.com,"{2001-09-19 19:00:00, 2001-09-26 19:00:00}",295,381,366
www.allibaba.com,"{2001-09-26 19:00:00, 2001-10-03 19:00:00}",297,428,407
www.allibaba.com,"{2001-10-03 19:00:00, 2001-10-10 19:00:00}",300,538,522
www.allibaba.com,"{2001-10-10 19:00:00, 2001-10-17 19:00:00}",294,402,378
www.allibaba.com,"{2001-10-17 19:00:00, 2001-10-24 19:00:00}",300,397,365
www.allibaba.com,"{2001-10-24 19:00:00, 2001-10-31 18:00:00}",324,454,425
www.allibaba.com,"{2001-10-31 18:00:00, 2001-11-07 18:00:00}",318,461,448
www.allibaba.com,"{2001-11-07 18:00:00, 2001-11-14 18:00:00}",311,502,487
www.allibaba.com,"{2001-11-14 18:00:00, 2001-11-21 18:00:00}",312,540,531
www.allibaba.com,"{2001-11-21 18:00:00, 2001-11-28 18:00:00}",327,449,435
www.allibaba.com,"{2001-11-28 18:00:00, 2001-12-05 18:00:00}",326,458,430
www.allibaba.com,"{2001-12-05 18:00:00, 2001-12-12 18:00:00}",322,515,504
www.allibaba.com,"{2001-12-12 18:00:00, 2001-12-19 18:00:00}",328,472,462
www.allibaba.com,"{2001-12-19 18:00:00, 2001-12-26 18:00:00}",328,513,490
www.allibaba.com,"{2001-12-26 18:00:00, 2002-01-02 18:00:00}",329,578,522
www.allibaba.com,"{2002-01-02 18:00:00, 2002-01-09 18:00:00}",331,503,492
www.allibaba.com,"{2002-01-09 18:00:00, 2002-01-16 18:00:00}",332,524,489
www.allibaba.com,"{2002-01-16 18:00:00, 2002-01-23 18:00:00}",342,551,527
www.allibaba.com,"{2002-01-23 18:00:00, 2002-01-30 18:00:00}",337,535,507
www.allibaba.com,"{2002-01-30 18:00:00, 2002-02-06 18:00:00}",350,545,522
www.allibaba.com,"{2002-02-06 18:00:00, 2002-02-13 18:00:00}",337,473,452
www.allibaba.com,"{2002-02-13 18:00:00, 2002-02-20 18:00:00}",353,491,470
www.allibaba.com,"{2002-02-20 18:00:00, 2002-02-27 18:00:00}",337,511,498
www.allibaba.com,"{2002-02-27 18:00:00, 2002-03-06 18:00:00}",352,526,506
www.allibaba.com,"{2002-03-06 18:00:00, 2002-03-13 18:00:00}",346,498,482
www.allibaba.com,"{2002-03-13 18:00:00, 2002-03-20 18:00:00}",347,531,513
www.allibaba.com,"{2002-03-20 18:00:00, 2002-03-27 18:00:00}",341,515,484
www.allibaba.com,"{2002-03-27 18:00:00, 2002-04-03 18:00:00}",330,457,446
www.allibaba.com,"{2002-04-03 18:00:00, 2002-04-10 19:00:00}",341,548,530
www.allibaba.com,"{2002-04-10 19:00:00, 2002-04-17 19:00:00}",349,422,411
www.allibaba.com,"{2002-04-17 19:00:00, 2002-04-24 19:00:00}",337,468,432
www.allibaba.com,"{2002-04-24 19:00:00, 2002-05-01 19:00:00}",343,462,448
www.allibaba.com,"{2002-05-01 19:00:00, 2002-05-08 19:00:00}",329,443,410
www.allibaba.com,"{2002-05-08 19:00:00, 2002-05-15 19:00:00}",333,456,436
www.allibaba.com,"{2002-05-15 19:00:00, 2002-05-22 19:00:00}",326,484,464
www.allibaba.com,"{2002-05-22 19:00:00, 2002-05-29 19:00:00}",325,529,519
www.allibaba.com,"{2002-05-29 19:00:00, 2002-06-05 19:00:00}",329,456,423
www.allibaba.com,"{2002-06-05 19:00:00, 2002-06-12 19:00:00}",321,516,499
www.allibaba.com,"{2002-06-12 19:00:00, 2002-06-19 19:00:00}",325,492,478
www.allibaba.com,"{2002-06-19 19:00:00, 2002-06-26 19:00:00}",327,545,527
www.allibaba.com,"{2002-06-26 19:00:00, 2002-07-03 19:00:00}",334,455,440
www.allibaba.com,"{2002-07-03 19:00:00, 2002-07-10 19:00:00}",328,453,426
www.allibaba.com,"{2002-07-10 19:00:00, 2002-07-17 19:00:00}",326,470,455
www.allibaba.com,"{2002-07-17 19:00:00, 2002-07-24 19:00:00}",332,482,444
www.allibaba.com,"{2002-07-24 19:00:00, 2002-07-31 19:00:00}",334,473,460
www.allibaba.com,"{2002-07-31 19:00:00, 2002-08-07 19:00:00}",352,530,499
www.allibaba.com,"{2002-08-07 19:00:00, 2002-08-14 19:00:00}",335,418,386
www.allibaba.com,"{2002-08-14 19:00:00, 2002-08-21 19:00:00}",342,469,450
www.allibaba.com,"{2002-08-21 19:00:00, 2002-08-28 19:00:00}",341,522,510
www.allibaba.com,"{2002-08-28 19:00:00, 2002-09-04 19:00:00}",337,529,509
www.allibaba.com,"{2002-09-04 19:00:00, 2002-09-11 19:00:00}",341,525,496
www.allibaba.com,"{2002-09-11 19:00:00, 2002-09-18 19:00:00}",345,480,449
www.allibaba.com,"{2002-09-18 19:00:00, 2002-09-25 19:00:00}",343,593,574
www.allibaba.com,"{2002-09-25 19:00:00, 2002-10-02 19:00:00}",349,544,522
www.allibaba.com,"{2002-10-02 19:00:00, 2002-10-09 19:00:00}",355,603,586
www.allibaba.com,"{2002-10-09 19:00:00, 2002-10-16 19:00:00}",337,586,560
www.allibaba.com,"{2002-10-16 19:00:00, 2002-10-23 19:00:00}",340,500,468
www.allibaba.com,"{2002-10-23 19:00:00, 2002-10-30 18:00:00}",325,488,472
www.allibaba.com,"{2002-10-30 18:00:00, 2002-11-06 18:00:00}",323,508,488
www.allibaba.com,"{2002-11-06 18:00:00, 2002-11-13 18:00:00}",333,469,440
www.allibaba.com,"{2002-11-13 18:00:00, 2002-11-20 18:00:00}",331,486,467
www.allibaba.com,"{2002-11-20 18:00:00, 2002-11-27 18:00:00}",311,466,445
www.allibaba.com,"{2002-11-27 18:00:00, 2002-12-04 18:00:00}",325,482,472
www.allibaba.com,"{2002-12-04 18:00:00, 2002-12-11 18:00:00}",329,473,436
www.allibaba.com,"{2002-12-11 18:00:00, 2002-12-18 18:00:00}",320,529,504
www.allibaba.com,"{2002-12-18 18:00:00, 2002-12-25 18:00:00}",324,527,498
www.amazon.com,"{2000-01-05 18:00:00, 2000-01-12 18:00:00}",72,97,85
www.amazon.com,"{2000-01-12 18:00:00, 2000-01-19 18:00:00}",70,89,74
www.amazon.com,"{2000-01-19 18:00:00, 2000-01-26 18:00:00}",75,125,124
www.amazon.com,"{2000-01-26 18:00:00, 2000-02-02 18:00:00}",76,91,89
www.amazon.com,"{2000-02-02 18:00:00, 2000-02-09 18:00:00}",77,130,126
www.amazon.com,"{2000-02-09 18:00:00, 2000-02-16 18:00:00}",75,102,96
www.amazon.com,"{2000-02-16 18:00:00, 2000-02-23 18:00:00}",80,109,103
www.amazon.com,"{2000-02-23 18:00:00, 2000-03-01 18:00:00}",86,112,107
www.amazon.com,"{2000-03-01 18:00:00, 2000-03-08 18:00:00}",89,120,108
www.amazon.com,"{2000-03-08 18:00:00, 2000-03-15 18:00:00}",98,165,165
www.amazon.com,"{2000-03-15 18:00:00, 2000-03-22 18:00:00}",107,127,124
www.amazon.com,"{2000-03-22 18:00:00, 2000-03-29 18:00:00}",100,162,138
www.amazon.com,"{2000-03-29 18:00:00, 2000-04-05 19:00:00}",108,149,142
www.amazon.com,"{2000-04-05 19:00:00, 2000-04-12 19:00:00}",113,167,155
www.amazon.com,"{2000-04-12 19:00:00, 2000-04-19 19:00:00}",113,166,162
www.amazon.com,"{2000-04-19 19:00:00, 2000-04-26 19:00:00}",115,222,215
www.amazon.com,"{2000-04-26 19:00:00, 2000-05-03 19:00:00}",109,144,135
www.amazon.com,"{2000-05-03 19:00:00, 2000-05-10 19:00:00}",120,155,148
www.amazon.com,"{2000-05-10 19:00:00, 2000-05-17 19:00:00}",117,179,176
www.amazon.com,"{2000-05-17 19:00:00, 2000-05-24 19:00:00}",117,165,160
www.amazon.com,"{2000-05-24 19:00:00, 2000-05-31 19:00:00}",115,158,156
www.amazon.com,"{2000-05-31 19:00:00, 2000-06-07 19:00:00}",116,161,158
www.amazon.com,"{2000-06-07 19:00:00, 2000-06-14 19:00:00}",116,153,144
www.amazon.com,"{2000-06-14 19:00:00, 2000-06-21 19:00:00}",118,235,230
www.amazon.com,"{2000-06-21 19:00:00, 2000-06-28 19:00:00}",117,147,144
www.amazon.com,"{2000-06-28 19:00:00, 2000-07-05 19:00:00}",117,174,154
www.amazon.com,"{2000-07-05 19:00:00, 2000-07-12 19:00:00}",122,164,162
www.amazon.com,"{2000-07-12 19:00:00, 2000-07-19 19:00:00}",121,202,195
www.amazon.com,"{2000-07-19 19:00:00, 2000-07-26 19:00:00}",127,200,192
www.amazon.com,"{2000-07-26 19:00:00, 2000-08-02 19:00:00}",136,215,185
www.amazon.com,"{2000-08-02 19:00:00, 2000-08-09 19:00:00}",130,179,176
www.amazon.com,"{2000-08-09 19:00:00, 2000-08-16 19:00:00}",133,177,173
www.amazon.com,"{2000-08-16 19:00:00, 2000-08-23 19:00:00}",135,200,197
www.amazon.com,"{2000-08-23 19:00:00, 2000-08-30 19:00:00}",127,183,181
www.amazon.com,"{2000-08-30 19:00:00, 2000-09-06 19:00:00}",135,200,182
www.amazon.com,"{2000-09-06 19:00:00, 2000-09-13 19:00:00}",128,183,166
www.amazon.com,"{2000-09-13 19:00:00, 2000-09-20 19:00:00}",134,249,246
www.amazon.com,"{2000-09-20 19:00:00, 2000-09-27 19:00:00}",134,224,209
www.amazon.com,"{2000-09-27 19:00:00, 2000-10-04 19:00:00}",134,192,184
www.amazon.com,"{2000-10-04 19:00:00, 2000-10-11 19:00:00}",133,196,171
www.amazon.com,"{2000-10-11 19:00:00, 2000-10-18 19:00:00}",134,196,184
www.amazon.com,"{2000-10-18 19:00:00, 2000-10-25 19:00:00}",130,199,193
www.amazon.com,"{2000-10-25 19:00:00, 2000-11-01 18:00:00}",130,173,157
www.amazon.com,"{2000-11-01 18:00:00, 2000-11-08 18:00:00}",132,207,189
www.amazon.com,"{2000-11-08 18:00:00, 2000-11-15 18:00:00}",133,191,186
www.amazon.com,"{2000-11-15 18:00:00, 2000-11-22 18:00:00}",142,197,187
www.amazon.com,"{2000-11-22 18:00:00, 2000-11-29 18:00:00}",139,193,177
www.amazon.com,"{2000-11-29 18:00:00, 2000-12-06 18:00:00}",143,224,215
www.amazon.com,"{2000-12-06 18:00:00, 2000-12-13 18:00:00}",152,225,200
www.amazon.com,"{2000-12-13 18:00:00, 2000-12-20 18:00:00}",150,198,188
www.amazon.com,"{2000-12-20 18:00:00, 2000-12-27 18:00:00}",144,245,239
www.amazon.com,"{2000-12-27 18:00:00, 2001-01-03 18:00:00}",140,181,172
www.amazon.com,"{2001-01-03 18:00:00, 2001-01-10 18:00:00}",152,190,183
www.amazon.com,"{2001-01-10 18:00:00, 2001-01-17 18:00:00}",140,198,187
www.amazon.com,"{2001-01-17 18:00:00, 2001-01-24 18:00:00}",145,255,221
www.amazon.com,"{2001-01-24 18:00:00, 2001-01-31 18:00:00}",151,321,317
www.amazon.com,"{2001-01-31 18:00:00, 2001-02-07 18:00:00}",142,154,148
www.amazon.com,"{2001-02-07 18:00:00, 2001-02-14 18:00:00}",155,243,233
www.amazon.com,"{2001-02-14 18:00:00, 2001-02-21 18:00:00}",145,248,238
www.amazon.com,"{2001-02-21 18:00:00, 2001-02-28 18:00:00}",145,230,224
www.amazon.com,"{2001-02-28 18:00:00, 2001-03-07 18:00:00}",145,192,183
www.amazon.com,"{2001-03-07 18:00:00, 2001-03-14 18:00:00}",159,245,230
www.amazon.com,"{2001-03-14 18:00:00, 2001-03-21 18:00:00}",158,220,213
www.amazon.com,"{2001-03-21 18:00:00, 2001-03-28 18:00:00}",170,259,244
www.amazon.com,"{2001-03-28 18:00:00, 2001-04-04 19:00:00}",167,221,203
www.amazon.com,"{2001-04-04 19:00:00, 2001-04-11 19:00:00}",164,312,287
www.amazon.com,"{2001-04-11 19:00:00, 2001-04-18 19:00:00}",167,350,340
www.amazon.com,"{2001-04-18 19:00:00, 2001-04-25 19:00:00}",169,230,220
www.amazon.com,"{2001-04-25 19:00:00, 2001-05-02 19:00:00}",167,280,269
www.amazon.com,"{2001-05-02 19:00:00, 2001-05-09 19:00:00}",165,265,250
www.amazon.com,"{2001-05-09 19:00:00, 2001-05-16 19:00:00}",169,256,229
www.amazon.com,"{2001-05-16 19:00:00, 2001-05-23 19:00:00}",164,245,210
www.amazon.com,"{2001-05-23 19:00:00, 2001-05-30 19:00:00}",168,254,228
www.amazon.com,"{2001-05-30 19:00:00, 2001-06-06 19:00:00}",166,229,222
www.amazon.com,"{2001-06-06 19:00:00, 2001-06-13 19:00:00}",167,237,229
www.amazon.com,"{2001-06-13 19:00:00, 2001-06-20 19:00:00}",168,220,212
www.amazon.com,"{2001-06-20 19:00:00, 2001-06-27 19:00:00}",166,230,217
www.amazon.com,"{2001-06-27 19:00:00, 2001-07-04 19:00:00}",163,221,219
www.amazon.com,"{2001-07-04 19:00:00, 2001-07-11 19:00:00}",165,196,185
www.amazon.com,"{2001-07-11 19:00:00, 2001-07-18 19:00:00}",163,197,193
www.amazon.com,"{2001-07-18 19:00:00, 2001-07-25 19:00:00}",169,263,255
www.amazon.com,"{2001-07-25 19:00:00, 2001-08-01 19:00:00}",170,235,224
www.amazon.com,"{2001-08-01 19:00:00, 2001-08-08 19:00:00}",167,242,229
www.amazon.com,"{2001-08-08 19:00:00, 2001-08-15 19:00:00}",162,233,221
www.amazon.com,"{2001-08-15 19:00:00, 2001-08-22 19:00:00}",170,212,207
www.amazon.com,"{2001-08-22 19:00:00, 2001-08-29 19:00:00}",168,242,230
www.amazon.com,"{2001-08-29 19:00:00, 2001-09-05 19:00:00}",164,276,263
www.amazon.com,"{2001-09-05 19:00:00, 2001-09-12 19:00:00}",168,216,203
www.amazon.com,"{2001-09-12 19:00:00, 2001-09-19 19:00:00}",169,241,230
www.amazon.com,"{2001-09-19 19:00:00, 2001-09-26 19:00:00}",176,227,211
www.amazon.com,"{2001-09-26 19:00:00, 2001-10-03 19:00:00}",171,220,204
www.amazon.com,"{2001-10-03 19:00:00, 2001-10-10 19:00:00}",177,267,254
www.amazon.com,"{2001-10-10 19:00:00, 2001-10-17 19:00:00}",176,222,211
www.amazon.com,"{2001-10-17 19:00:00, 2001-10-24 19:00:00}",180,285,258
www.amazon.com,"{2001-10-24 19:00:00, 2001-10-31 18:00:00}",182,279,273
www.amazon.com,"{2001-10-31 18:00:00, 2001-11-07 18:00:00}",191,273,259
www.amazon.com,"{2001-11-07 18:00:00, 2001-11-14 18:00:00}",190,269,259
www.amazon.com,"{2001-11-14 18:00:00, 2001-11-21 18:00:00}",184,242,233
www.amazon.com,"{2001-11-21 18:00:00, 2001-11-28 18:00:00}",190,289,261
www.amazon.com,"{2001-11-28 18:00:00, 2001-12-05 18:00:00}",196,372,348
www.amazon.com,"{2001-12-05 18:00:00, 2001-12-12 18:00:00}",210,250,227
www.amazon.com,"{2001-12-12 18:00:00, 2001-12-19 18:00:00}",205,328,308
www.amazon.com,"{2001-12-19 18:00:00, 2001-12-26 18:00:00}",205,346,334
www.amazon.com,"{2001-12-26 18:00:00, 2002-01-02 18:00:00}",214,313,296
www.amazon.com,"{2002-01-02 18:00:00, 2002-01-09 18:00:00}",209,332,306
www.amazon.com,"{2002-01-09 18:00:00, 2002-01-16 18:00:00}",208,282,272
www.amazon.com,"{2002-01-16 18:00:00, 2002-01-23 18:00:00}",211,352,344
www.amazon.com,"{2002-01-23 18:00:00, 2002-01-30 18:00:00}",204,283,274
www.amazon.com,"{2002-01-30 18:00:00, 2002-02-06 18:00:00}",218,337,329
www.amazon.com,"{2002-02-06 18:00:00, 2002-02-13 18:00:00}",238,327,300
www.amazon.com,"{2002-02-13 18:00:00, 2002-02-20 18:00:00}",243,400,381
www.amazon.com,"{2002-02-20 18:00:00, 2002-02-27 18:00:00}",252,338,325
www.amazon.com,"{2002-02-27 18:00:00, 2002-03-06 18:00:00}",256,350,336
www.amazon.com,"{2002-03-06 18:00:00, 2002-03-13 18:00:00}",268,452,415
www.amazon.com,"{2002-03-13 18:00:00, 2002-03-20 18:00:00}",256,346,323
www.amazon.com,"{2002-03-20 18:00:00, 2002-03-27 18:00:00}",257,367,335
www.amazon.com,"{2002-03-27 18:00:00, 2002-04-03 18:00:00}",259,416,374
www.amazon.com,"{2002-04-03 18:00:00, 2002-04-10 19:00:00}",253,467,454
www.amazon.com,"{2002-04-10 19:00:00, 2002-04-17 19:00:00}",247,371,359
www.amazon.com,"{2002-04-17 19:00:00, 2002-04-24 19:00:00}",247,302,292
www.amazon.com,"{2002-04-24 19:00:00, 2002-05-01 19:00:00}",244,303,294
www.amazon.com,"{2002-05-01 19:00:00, 2002-05-08 19:00:00}",246,332,312
www.amazon.com,"{2002-05-08 19:00:00, 2002-05-15 19:00:00}",242,328,314
www.amazon.com,"{2002-05-15 19:00:00, 2002-05-22 19:00:00}",246,341,335
www.amazon.com,"{2002-05-22 19:00:00, 2002-05-29 19:00:00}",239,347,329
www.amazon.com,"{2002-05-29 19:00:00, 2002-06-05 19:00:00}",251,377,365
www.amazon.com,"{2002-06-05 19:00:00, 2002-06-12 19:00:00}",252,400,380
www.amazon.com,"{2002-06-12 19:00:00, 2002-06-19 19:00:00}",255,412,402
www.amazon.com,"{2002-06-19 19:00:00, 2002-06-26 19:00:00}",261,447,438
www.amazon.com,"{2002-06-26 19:00:00, 2002-07-03 19:00:00}",263,398,385
www.amazon.com,"{2002-07-03 19:00:00, 2002-07-10 19:00:00}",253,358,338
www.amazon.com,"{2002-07-10 19:00:00, 2002-07-17 19:00:00}",271,351,343
www.amazon.com,"{2002-07-17 19:00:00, 2002-07-24 19:00:00}",275,396,387
www.amazon.com,"{2002-07-24 19:00:00, 2002-07-31 19:00:00}",279,401,392
www.amazon.com,"{2002-07-31 19:00:00, 2002-08-07 19:00:00}",276,392,383
www.amazon.com,"{2002-08-07 19:00:00, 2002-08-14 19:00:00}",279,416,392
www.amazon.com,"{2002-08-14 19:00:00, 2002-08-21 19:00:00}",293,411,398
www.amazon.com,"{2002-08-21 19:00:00, 2002-08-28 19:00:00}",286,426,416
www.amazon.com,"{2002-08-28 19:00:00, 2002-09-04 19:00:00}",285,483,455
www.amazon.com,"{2002-09-04 19:00:00, 2002-09-11 19:00:00}",279,418,408
www.amazon.com,"{2002-09-11 19:00:00, 2002-09-18 19:00:00}",284,378,355
www.amazon.com,"{2002-09-18 19:00:00, 2002-09-25 19:00:00}",288,491,465
www.amazon.com,"{2002-09-25 19:00:00, 2002-10-02 19:00:00}",283,386,378
www.amazon.com,"{2002-10-02 19:00:00, 2002-10-09 19:00:00}",299,404,389
www.amazon.com,"{2002-10-09 19:00:00, 2002-10-16 19:00:00}",295,445,417
www.amazon.com,"{2002-10-16 19:00:00, 2002-10-23 19:00:00}",299,475,447
www.amazon.com,"{2002-10-23 19:00:00, 2002-10-30 18:00:00}",295,411,385
www.amazon.com,"{2002-10-30 18:00:00, 2002-11-06 18:00:00}",310,542,495
www.amazon.com,"{2002-11-06 18:00:00, 2002-11-13 18:00:00}",302,463,427
www.amazon.com,"{2002-11-13 18:00:00, 2002-11-20 18:00:00}",310,587,570
www.amazon.com,"{2002-11-20 18:00:00, 2002-11-27 18:00:00}",306,465,453
www.amazon.com,"{2002-11-27 18:00:00, 2002-12-04 18:00:00}",329,460,430
www.amazon.com,"{2002-12-04 18:00:00, 2002-12-11 18:00:00}",326,516,500
www.amazon.com,"{2002-12-11 18:00:00, 2002-12-18 18:00:00}",328,516,487
www.amazon.com,"{2002-12-18 18:00:00, 2002-12-25 18:00:00}",322,431,393
www.amazon.com.br,"{2000-01-05 18:00:00, 2000-01-12 18:00:00}",69,93,90
www.amazon.com.br,"{2000-01-12 18:00:00, 2000-01-19 18:00:00}",69,109,106
www.amazon.com.br,"{2000-01-19 18:00:00, 2000-01-26 18:00:00}",68,126,118
www.amazon.com.br,"{2000-01-26 18:00:00, 2000-02-02 18:00:00}",72,139,136
www.amazon.com.br,"{2000-02-02 18:00:00, 2000-02-09 18:00:00}",68,99,83
www.amazon.com.br,"{2000-02-09 18:00:00, 2000-02-16 18:00:00}",68,136,122
www.amazon.com.br,"{2000-02-16 18:00:00, 2000-02-23 18:00:00}",71,98,96
www.amazon.com.br,"{2000-02-23 18:00:00, 2000-03-01 18:00:00}",70,86,84
www.amazon.com.br,"{2000-03-01 18:00:00, 2000-03-08 18:00:00}",68,104,100
www.amazon.com.br,"{2000-03-08 18:00:00, 2000-03-15 18:00:00}",72,96,90
www.amazon.com.br,"{2000-03-15 18:00:00, 2000-03-22 18:00:00}",73,105,102
www.amazon.com.br,"{2000-03-22 18:00:00, 2000-03-29 18:00:00}",79,170,157
www.amazon.com.br,"{2000-03-29 18:00:00, 2000-04-05 19:00:00}",75,101,97
www.amazon.com.br,"{2000-04-05 19:00:00, 2000-04-12 19:00:00}",79,180,179
www.amazon.com.br,"{2000-04-12 19:00:00, 2000-04-19 19:00:00}",74,113,110
www.amazon.com.br,"{2000-04-19 19:00:00, 2000-04-26 19:00:00}",79,120,105
www.amazon.com.br,"{2000-04-26 19:00:00, 2000-05-03 19:00:00}",75,115,111
www.amazon.com.br,"{2000-05-03 19:00:00, 2000-05-10 19:00:00}",77,115,112
www.amazon.com.br,"{2000-05-10 19:00:00, 2000-05-17 19:00:00}",74,130,127
www.amazon.com.br,"{2000-05-17 19:00:00, 2000-05-24 19:00:00}",77,166,146
www.amazon.com.br,"{2000-05-24 19:00:00, 2000-05-31 19:00:00}",81,139,135
www.amazon.com.br,"{2000-05-31 19:00:00, 2000-06-07 19:00:00}",73,102,95
www.amazon.com.br,"{2000-06-07 19:00:00, 2000-06-14 19:00:00}",76,112,107
www.amazon.com.br,"{2000-06-14 19:00:00, 2000-06-21 19:00:00}",78,108,104
www.amazon.com.br,"{2000-06-21 19:00:00, 2000-06-28 19:00:00}",77,118,105
www.amazon.com.br,"{2000-06-28 19:00:00, 2000-07-05 19:00:00}",70,104,101
www.amazon.com.br,"{2000-07-05 19:00:00, 2000-07-12 19:00:00}",71,129,124
www.amazon.com.br,"{2000-07-12 19:00:00, 2000-07-19 19:00:00}",70,88,87
www.amazon.com.br,"{2000-07-19 19:00:00, 2000-07-26 19:00:00}",75,134,128
www.amazon.com.br,"{2000-07-26 19:00:00, 2000-08-02 19:00:00}",74,91,87
www.amazon.com.br,"{2000-08-02 19:00:00, 2000-08-09 19:00:00}",77,86,83
www.amazon.com.br,"{2000-08-09 19:00:00, 2000-08-16 19:00:00}",70,96,92
www.amazon.com.br,"{2000-08-16 19:00:00, 2000-08-23 19:00:00}",80,134,131
www.amazon.com.br,"{2000-08-23 19:00:00, 2000-08-30 19:00:00}",76,128,127
www.amazon.com.br,"{2000-08-30 19:00:00, 2000-09-06 19:00:00}",74,106,98
www.amazon.com.br,"{2000-09-06 19:00:00, 2000-09-13 19:00:00}",76,110,104
www.amazon.com.br,"{2000-09-13 19:00:00, 2000-09-20 19:00:00}",77,98,94
www.amazon.com.br,"{2000-09-20 19:00:00, 2000-09-27 19:00:00}",79,112,107
www.amazon.com.br,"{2000-09-27 19:00:00, 2000-10-04 19:00:00}",74,115,112
www.amazon.com.br,"{2000-10-04 19:00:00, 2000-10-11 19:00:00}",74,107,104
www.amazon.com.br,"{2000-10-11 19:00:00, 2000-10-18 19:00:00}",82,125,121
www.amazon.com.br,"{2000-10-18 19:00:00, 2000-10-25 19:00:00}",76,105,102
www.amazon.com.br,"{2000-10-25 19:00:00, 2000-11-01 18:00:00}",77,101,100
www.amazon.com.br,"{2000-11-01 18:00:00, 2000-11-08 18:00:00}",75,107,103
www.amazon.com.br,"{2000-11-08 18:00:00, 2000-11-15 18:00:00}",78,88,85
www.amazon.com.br,"{2000-11-15 18:00:00, 2000-11-22 18:00:00}",77,94,88
www.amazon.com.br,"{2000-11-22 18:00:00, 2000-11-29 18:00:00}",76,105,103
www.amazon.com.br,"{2000-11-29 18:00:00, 2000-12-06 18:00:00}",77,105,100
www.amazon.com.br,"{2000-12-06 18:00:00, 2000-12-13 18:00:00}",76,114,113
www.amazon.com.br,"{2000-12-13 18:00:00, 2000-12-20 18:00:00}",77,144,142
www.amazon.com.br,"{2000-12-20 18:00:00, 2000-12-27 18:00:00}",74,95,85
www.amazon.com.br,"{2000-12-27 18:00:00, 2001-01-03 18:00:00}",80,100,94
www.amazon.com.br,"{2001-01-03 18:00:00, 2001-01-10 18:00:00}",74,91,86
www.amazon.com.br,"{2001-01-10 18:00:00, 2001-01-17 18:00:00}",77,153,146
www.amazon.com.br,"{2001-01-17 18:00:00, 2001-01-24 18:00:00}",78,117,110
www.amazon.com.br,"{2001-01-24 18:00:00, 2001-01-31 18:00:00}",77,108,105
www.amazon.com.br,"{2001-01-31 18:00:00, 2001-02-07 18:00:00}",73,112,109
www.amazon.com.br,"{2001-02-07 18:00:00, 2001-02-14 18:00:00}",80,96,94
www.amazon.com.br,"{2001-02-14 18:00:00, 2001-02-21 18:00:00}",78,136,129
www.amazon.com.br,"{2001-02-21 18:00:00, 2001-02-28 18:00:00}",78,105,102
www.amazon.com.br,"{2001-02-28 18:00:00, 2001-03-07 18:00:00}",84,114,108
www.amazon.com.br,"{2001-03-07 18:00:00, 2001-03-14 18:00:00}",81,99,96
www.amazon.com.br,"{2001-03-14 18:00:00, 2001-03-21 18:00:00}",86,148,132
www.amazon.com.br,"{2001-03-21 18:00:00, 2001-03-28 18:00:00}",82,146,142
www.amazon.com.br,"{2001-03-28 18:00:00, 2001-04-04 19:00:00}",80,144,136
www.amazon.com.br,"{2001-04-04 19:00:00, 2001-04-11 19:00:00}",84,157,148
www.amazon.com.br,"{2001-04-11 19:00:00, 2001-04-18 19:00:00}",86,104,101
www.amazon.com.br,"{2001-04-18 19:00:00, 2001-04-25 19:00:00}",84,131,129
www.amazon.com.br,"{2001-04-25 19:00:00, 2001-05-02 19:00:00}",89,145,128
www.amazon.com.br,"{2001-05-02 19:00:00, 2001-05-09 19:00:00}",91,205,200
www.amazon.com.br,"{2001-05-09 19:00:00, 2001-05-16 19:00:00}",91,132,127
www.amazon.com.br,"{2001-05-16 19:00:00, 2001-05-23 19:00:00}",87,113,109
www.amazon.com.br,"{2001-05-23 19:00:00, 2001-05-30 19:00:00}",86,143,134
www.amazon.com.br,"{2001-05-30 19:00:00, 2001-06-06 19:00:00}",91,140,126
www.amazon.com.br,"{2001-06-06 19:00:00, 2001-06-13 19:00:00}",89,139,118
www.amazon.com.br,"{2001-06-13 19:00:00, 2001-06-20 19:00:00}",90,141,136
www.amazon.com.br,"{2001-06-20 19:00:00, 2001-06-27 19:00:00}",91,111,88
www.amazon.com.br,"{2001-06-27 19:00:00, 2001-07-04 19:00:00}",99,189,183
www.amazon.com.br,"{2001-07-04 19:00:00, 2001-07-11 19:00:00}",97,123,104
www.amazon.com.br,"{2001-07-11 19:00:00, 2001-07-18 19:00:00}",97,159,153
www.amazon.com.br,"{2001-07-18 19:00:00, 2001-07-25 19:00:00}",98,163,153
www.amazon.com.br,"{2001-07-25 19:00:00, 2001-08-01 19:00:00}",98,166,149
www.amazon.com.br,"{2001-08-01 19:00:00, 2001-08-08 19:00:00}",97,151,144
www.amazon.com.br,"{2001-08-08 19:00:00, 2001-08-15 19:00:00}",99,165,148
www.amazon.com.br,"{2001-08-15 19:00:00, 2001-08-22 19:00:00}",95,142,132
www.amazon.com.br,"{2001-08-22 19:00:00, 2001-08-29 19:00:00}",94,139,138
www.amazon.com.br,"{2001-08-29 19:00:00, 2001-09-05 19:00:00}",101,156,151
www.amazon.com.br,"{2001-09-05 19:00:00, 2001-09-12 19:00:00}",95,139,136
www.amazon.com.br,"{2001-09-12 19:00:00, 2001-09-19 19:00:00}",95,134,132
www.amazon.com.br,"{2001-09-19 19:00:00, 2001-09-26 19:00:00}",99,153,135
www.amazon.com.br,"{2001-09-26 19:00:00, 2001-10-03 19:00:00}",98,163,148
www.amazon.com.br,"{2001-10-03 19:00:00, 2001-10-10 19:00:00}",98,177,164
www.amazon.com.br,"{2001-10-10 19:00:00, 2001-10-17 19:00:00}",97,156,151
www.amazon.com.br,"{2001-10-17 19:00:00, 2001-10-24 19:00:00}",98,161,157
www.amazon.com.br,"{2001-10-24 19:00:00, 2001-10-31 18:00:00}",97,153,152
www.amazon.com.br,"{2001-10-31 18:00:00, 2001-11-07 18:00:00}",98,125,120
www.amazon.com.br,"{2001-11-07 18:00:00, 2001-11-14 18:00:00}",104,111,110
www.amazon.com.br,"{2001-11-14 18:00:00, 2001-11-21 18:00:00}",103,142,138
www.amazon.com.br,"{2001-11-21 18:00:00, 2001-11-28 18:00:00}",106,195,177
www.amazon.com.br,"{2001-11-28 18:00:00, 2001-12-05 18:00:00}",108,192,187
www.amazon.com.br,"{2001-12-05 18:00:00, 2001-12-12 18:00:00}",105,150,138
www.amazon.com.br,"{2001-12-12 18:00:00, 2001-12-19 18:00:00}",112,182,176
www.amazon.com.br,"{2001-12-19 18:00:00, 2001-12-26 18:00:00}",110,152,135
www.amazon.com.br,"{2001-12-26 18:00:00, 2002-01-02 18:00:00}",110,183,178
www.amazon.com.br,"{2002-01-02 18:00:00, 2002-01-09 18:00:00}",113,162,154
www.amazon.com.br,"{2002-01-09 18:00:00, 2002-01-16 18:00:00}",110,151,148
www.amazon.com.br,"{2002-01-16 18:00:00, 2002-01-23 18:00:00}",113,146,121
www.amazon.com.br,"{2002-01-23 18:00:00, 2002-01-30 18:00:00}",113,137,132
www.amazon.com.br,"{2002-01-30 18:00:00, 2002-02-06 18:00:00}",113,209,199
www.amazon.com.br,"{2002-02-06 18:00:00, 2002-02-13 18:00:00}",110,197,186
www.amazon.com.br,"{2002-02-13 18:00:00, 2002-02-20 18:00:00}",114,185,172
www.amazon.com.br,"{2002-02-20 18:00:00, 2002-02-27 18:00:00}",107,135,123
www.amazon.com.br,"{2002-02-27 18:00:00, 2002-03-06 18:00:00}",113,212,210
www.amazon.com.br,"{2002-03-06 18:00:00, 2002-03-13 18:00:00}",112,140,135
www.amazon.com.br,"{2002-03-13 18:00:00, 2002-03-20 18:00:00}",109,183,157
www.amazon.com.br,"{2002-03-20 18:00:00, 2002-03-27 18:00:00}",115,209,185
www.amazon.com.br,"{2002-03-27 18:00:00, 2002-04-03 18:00:00}",122,212,203
www.amazon.com.br,"{2002-04-03 18:00:00, 2002-04-10 19:00:00}",116,172,166
www.amazon.com.br,"{2002-04-10 19:00:00, 2002-04-17 19:00:00}",122,202,193
www.amazon.com.br,"{2002-04-17 19:00:00, 2002-04-24 19:00:00}",123,206,193
www.amazon.com.br,"{2002-04-24 19:00:00, 2002-05-01 19:00:00}",125,221,219
www.amazon.com.br,"{2002-05-01 19:00:00, 2002-05-08 19:00:00}",129,208,207
www.amazon.com.br,"{2002-05-08 19:00:00, 2002-05-15 19:00:00}",126,207,183
www.amazon.com.br,"{2002-05-15 19:00:00, 2002-05-22 19:00:00}",133,260,245
www.amazon.com.br,"{2002-05-22 19:00:00, 2002-05-29 19:00:00}",131,196,190
www.amazon.com.br,"{2002-05-29 19:00:00, 2002-06-05 19:00:00}",131,211,206
www.amazon.com.br,"{2002-06-05 19:00:00, 2002-06-12 19:00:00}",142,265,237
www.amazon.com.br,"{2002-06-12 19:00:00, 2002-06-19 19:00:00}",139,201,186
www.amazon.com.br,"{2002-06-19 19:00:00, 2002-06-26 19:00:00}",135,167,159
www.amazon.com.br,"{2002-06-26 19:00:00, 2002-07-03 19:00:00}",141,192,186
www.amazon.com.br,"{2002-07-03 19:00:00, 2002-07-10 19:00:00}",139,201,196
www.amazon.com.br,"{2002-07-10 19:00:00, 2002-07-17 19:00:00}",136,206,202
www.amazon.com.br,"{2002-07-17 19:00:00, 2002-07-24 19:00:00}",140,233,210
www.amazon.com.br,"{2002-07-24 19:00:00, 2002-07-31 19:00:00}",133,195,185
www.amazon.com.br,"{2002-07-31 19:00:00, 2002-08-07 19:00:00}",149,190,171
www.amazon.com.br,"{2002-08-07 19:00:00, 2002-08-14 19:00:00}",141,206,199
www.amazon.com.br,"{2002-08-14 19:00:00, 2002-08-21 19:00:00}",153,201,183
www.amazon.com.br,"{2002-08-21 19:00:00, 2002-08-28 19:00:00}",140,174,168
www.amazon.com.br,"{2002-08-28 19:00:00, 2002-09-04 19:00:00}",159,255,247
www.amazon.com.br,"{2002-09-04 19:00:00, 2002-09-11 19:00:00}",148,173,166
www.amazon.com.br,"{2002-09-11 19:00:00, 2002-09-18 19:00:00}",159,257,251
www.amazon.com.br,"{2002-09-18 19:00:00, 2002-09-25 19:00:00}",153,241,234
www.amazon.com.br,"{2002-09-25 19:00:00, 2002-10-02 19:00:00}",159,260,241
www.amazon.com.br,"{2002-10-02 19:00:00, 2002-10-09 19:00:00}",165,258,238
www.amazon.com.br,"{2002-10-09 19:00:00, 2002-10-16 19:00:00}",169,243,237
www.amazon.com.br,"{2002-10-16 19:00:00, 2002-10-23 19:00:00}",165,238,232
www.amazon.com.br,"{2002-10-23 19:00:00, 2002-10-30 18:00:00}",165,258,240
www.amazon.com.br,"{2002-10-30 18:00:00, 2002-11-06 18:00:00}",166,232,225
www.amazon.com.br,"{2002-11-06 18:00:00, 2002-11-13 18:00:00}",170,265,257
www.amazon.com.br,"{2002-11-13 18:00:00, 2002-11-20 18:00:00}",177,233,213
www.amazon.com.br,"{2002-11-20 18:00:00, 2002-11-27 18:00:00}",168,230,213
www.amazon.com.br,"{2002-11-27 18:00:00, 2002-12-04 18:00:00}",177,321,295
www.amazon.com.br,"{2002-12-04 18:00:00, 2002-12-11 18:00:00}",172,207,197
www.amazon.com.br,"{2002-12-11 18:00:00, 2002-12-18 18:00:00}",178,267,263
www.amazon.com.br,"{2002-12-18 18:00:00, 2002-12-25 18:00:00}",171,241,227
www.amazon.in,"{2000-01-05 18:00:00, 2000-01-12 18:00:00}",73,105,103
www.amazon.in,"{2000-01-12 18:00:00, 2000-01-19 18:00:00}",69,94,89
www.amazon.in,"{2000-01-19 18:00:00, 2000-01-26 18:00:00}",71,79,74
www.amazon.in,"{2000-01-26 18:00:00, 2000-02-02 18:00:00}",71,107,104
www.amazon.in,"{2000-02-02 18:00:00, 2000-02-09 18:00:00}",67,137,132
www.amazon.in,"{2000-02-09 18:00:00, 2000-02-16 18:00:00}",68,69,65
www.amazon.in,"{2000-02-16 18:00:00, 2000-02-23 18:00:00}",71,73,70
www.amazon.in,"{2000-02-23 18:00:00, 2000-03-01 18:00:00}",68,99,96
www.amazon.in,"{2000-03-01 18:00:00, 2000-03-08 18:00:00}",69,122,119
www.amazon.in,"{2000-03-08 18:00:00, 2000-03-15 18:00:00}",73,96,90
www.amazon.in,"{2000-03-15 18:00:00, 2000-03-22 18:00:00}",68,104,76
www.amazon.in,"{2000-03-22 18:00:00, 2000-03-29 18:00:00}",69,151,147
www.amazon.in,"{2000-03-29 18:00:00, 2000-04-05 19:00:00}",70,94,91
www.amazon.in,"{2000-04-05 19:00:00, 2000-04-12 19:00:00}",70,103,97
www.amazon.in,"{2000-04-12 19:00:00, 2000-04-19 19:00:00}",71,141,138
www.amazon.in,"{2000-04-19 19:00:00, 2000-04-26 19:00:00}",65,91,90
www.amazon.in,"{2000-04-26 19:00:00, 2000-05-03 19:00:00}",72,95,93
www.amazon.in,"{2000-05-03 19:00:00, 2000-05-10 19:00:00}",80,109,102
www.amazon.in,"{2000-05-10 19:00:00, 2000-05-17 19:00:00}",77,82,79
www.amazon.in,"{2000-05-17 19:00:00, 2000-05-24 19:00:00}",76,115,113
www.amazon.in,"{2000-05-24 19:00:00, 2000-05-31 19:00:00}",74,142,140
www.amazon.in,"{2000-05-31 19:00:00, 2000-06-07 19:00:00}",80,151,151
www.amazon.in,"{2000-06-07 19:00:00, 2000-06-14 19:00:00}",74,128,126
www.amazon.in,"{2000-06-14 19:00:00, 2000-06-21 19:00:00}",81,147,146
www.amazon.in,"{2000-06-21 19:00:00, 2000-06-28 19:00:00}",84,135,134
www.amazon.in,"{2000-06-28 19:00:00, 2000-07-05 19:00:00}",88,151,137
www.amazon.in,"{2000-07-05 19:00:00, 2000-07-12 19:00:00}",89,156,152
www.amazon.in,"{2000-07-12 19:00:00, 2000-07-19 19:00:00}",93,129,124
www.amazon.in,"{2000-07-19 19:00:00, 2000-07-26 19:00:00}",89,118,106
www.amazon.in,"{2000-07-26 19:00:00, 2000-08-02 19:00:00}",89,128,124
www.amazon.in,"{2000-08-02 19:00:00, 2000-08-09 19:00:00}",93,196,190
www.amazon.in,"{2000-08-09 19:00:00, 2000-08-16 19:00:00}",90,115,114
www.amazon.in,"{2000-08-16 19:00:00, 2000-08-23 19:00:00}",90,115,110
www.amazon.in,"{2000-08-23 19:00:00, 2000-08-30 19:00:00}",92,117,106
www.amazon.in,"{2000-08-30 19:00:00, 2000-09-06 19:00:00}",92,128,124
www.amazon.in,"{2000-09-06 19:00:00, 2000-09-13 19:00:00}",85,131,127
www.amazon.in,"{2000-09-13 19:00:00, 2000-09-20 19:00:00}",95,131,126
www.amazon.in,"{2000-09-20 19:00:00, 2000-09-27 19:00:00}",89,170,167
www.amazon.in,"{2000-09-27 19:00:00, 2000-10-04 19:00:00}",91,175,170
www.amazon.in,"{2000-10-04 19:00:00, 2000-10-11 19:00:00}",90,118,115
www.amazon.in,"{2000-10-11 19:00:00, 2000-10-18 19:00:00}",90,124,120
www.amazon.in,"{2000-10-18 19:00:00, 2000-10-25 19:00:00}",92,130,127
www.amazon.in,"{2000-10-25 19:00:00, 2000-11-01 18:00:00}",89,110,106
www.amazon.in,"{2000-11-01 18:00:00, 2000-11-08 18:00:00}",90,159,152
www.amazon.in,"{2000-11-08 18:00:00, 2000-11-15 18:00:00}",89,115,110
www.amazon.in,"{2000-11-15 18:00:00, 2000-11-22 18:00:00}",93,123,115
www.amazon.in,"{2000-11-22 18:00:00, 2000-11-29 18:00:00}",89,105,102
www.amazon.in,"{2000-11-29 18:00:00, 2000-12-06 18:00:00}",96,133,129
www.amazon.in,"{2000-12-06 18:00:00, 2000-12-13 18:00:00}",87,129,125
www.amazon.in,"{2000-12-13 18:00:00, 2000-12-20 18:00:00}",93,149,132
www.amazon.in,"{2000-12-20 18:00:00, 2000-12-27 18:00:00}",86,161,159
www.amazon.in,"{2000-12-27 18:00:00, 2001-01-03 18:00:00}",96,163,157
www.amazon.in,"{2001-01-03 18:00:00, 2001-01-10 18:00:00}",88,162,159
www.amazon.in,"{2001-01-10 18:00:00, 2001-01-17 18:00:00}",89,176,171
www.amazon.in,"{2001-01-17 18:00:00, 2001-01-24 18:00:00}",93,136,133
www.amazon.in,"{2001-01-24 18:00:00, 2001-01-31 18:00:00}",93,136,130
www.amazon.in,"{2001-01-31 18:00:00, 2001-02-07 18:00:00}",84,102,101
www.amazon.in,"{2001-02-07 18:00:00, 2001-02-14 18:00:00}",95,169,161
www.amazon.in,"{2001-02-14 18:00:00, 2001-02-21 18:00:00}",90,138,118
www.amazon.in,"{2001-02-21 18:00:00, 2001-02-28 18:00:00}",89,170,165
www.amazon.in,"{2001-02-28 18:00:00, 2001-03-07 18:00:00}",92,149,144
www.amazon.in,"{2001-03-07 18:00:00, 2001-03-14 18:00:00}",93,110,108
www.amazon.in,"{2001-03-14 18:00:00, 2001-03-21 18:00:00}",85,147,146
www.amazon.in,"{2001-03-21 18:00:00, 2001-03-28 18:00:00}",91,192,190
www.amazon.in,"{2001-03-28 18:00:00, 2001-04-04 19:00:00}",89,152,147
www.amazon.in,"{2001-04-04 19:00:00, 2001-04-11 19:00:00}",89,120,116
www.amazon.in,"{2001-04-11 19:00:00, 2001-04-18 19:00:00}",90,167,164
www.amazon.in,"{2001-04-18 19:00:00, 2001-04-25 19:00:00}",93,146,142
www.amazon.in,"{2001-04-25 19:00:00, 2001-05-02 19:00:00}",91,139,135
www.amazon.in,"{2001-05-02 19:00:00, 2001-05-09 19:00:00}",90,165,159
www.amazon.in,"{2001-05-09 19:00:00, 2001-05-16 19:00:00}",88,96,92
www.amazon.in,"{2001-05-16 19:00:00, 2001-05-23 19:00:00}",93,137,133
www.amazon.in,"{2001-05-23 19:00:00, 2001-05-30 19:00:00}",92,166,161
www.amazon.in,"{2001-05-30 19:00:00, 2001-06-06 19:00:00}",93,115,92
www.amazon.in,"{2001-06-06 19:00:00, 2001-06-13 19:00:00}",86,123,117
www.amazon.in,"{2001-06-13 19:00:00, 2001-06-20 19:00:00}",92,142,138
www.amazon.in,"{2001-06-20 19:00:00, 2001-06-27 19:00:00}",89,136,112
www.amazon.in,"{2001-06-27 19:00:00, 2001-07-04 19:00:00}",90,150,130
www.amazon.in,"{2001-07-04 19:00:00, 2001-07-11 19:00:00}",91,127,122
www.amazon.in,"{2001-07-11 19:00:00, 2001-07-18 19:00:00}",89,160,154
www.amazon.in,"{2001-07-18 19:00:00, 2001-07-25 19:00:00}",91,116,102
www.amazon.in,"{2001-07-25 19:00:00, 2001-08-01 19:00:00}",94,134,126
www.amazon.in,"{2001-08-01 19:00:00, 2001-08-08 19:00:00}",97,116,112
www.amazon.in,"{2001-08-08 19:00:00, 2001-08-15 19:00:00}",99,170,167
www.amazon.in,"{2001-08-15 19:00:00, 2001-08-22 19:00:00}",95,121,115
www.amazon.in,"{2001-08-22 19:00:00, 2001-08-29 19:00:00}",97,140,135
www.amazon.in,"{2001-08-29 19:00:00, 2001-09-05 19:00:00}",95,156,144
www.amazon.in,"{2001-09-05 19:00:00, 2001-09-12 19:00:00}",101,174,142
www.amazon.in,"{2001-09-12 19:00:00, 2001-09-19 19:00:00}",110,164,157
www.amazon.in,"{2001-09-19 19:00:00, 2001-09-26 19:00:00}",98,130,128
www.amazon.in,"{2001-09-26 19:00:00, 2001-10-03 19:00:00}",105,125,115
www.amazon.in,"{2001-10-03 19:00:00, 2001-10-10 19:00:00}",106,130,124
www.amazon.in,"{2001-10-10 19:00:00, 2001-10-17 19:00:00}",104,146,145
www.amazon.in,"{2001-10-17 19:00:00, 2001-10-24 19:00:00}",104,168,163
www.amazon.in,"{2001-10-24 19:00:00, 2001-10-31 18:00:00}",97,149,143
www.amazon.in,"{2001-10-31 18:00:00, 2001-11-07 18:00:00}",99,143,140
www.amazon.in,"{2001-11-07 18:00:00, 2001-11-14 18:00:00}",99,105,95
www.amazon.in,"{2001-11-14 18:00:00, 2001-11-21 18:00:00}",98,126,112
www.amazon.in,"{2001-11-21 18:00:00, 2001-11-28 18:00:00}",95,148,141
www.amazon.in,"{2001-11-28 18:00:00, 2001-12-05 18:00:00}",98,156,143
www.amazon.in,"{2001-12-05 18:00:00, 2001-12-12 18:00:00}",100,171,166
www.amazon.in,"{2001-12-12 18:00:00, 2001-12-19 18:00:00}",105,156,153
www.amazon.in,"{2001-12-19 18:00:00, 2001-12-26 18:00:00}",103,169,164
www.amazon.in,"{2001-12-26 18:00:00, 2002-01-02 18:00:00}",105,152,147
www.amazon.in,"{2002-01-02 18:00:00, 2002-01-09 18:00:00}",101,151,143
www.amazon.in,"{2002-01-09 18:00:00, 2002-01-16 18:00:00}",106,155,151
www.amazon.in,"{2002-01-16 18:00:00, 2002-01-23 18:00:00}",104,165,163
www.amazon.in,"{2002-01-23 18:00:00, 2002-01-30 18:00:00}",109,139,137
www.amazon.in,"{2002-01-30 18:00:00, 2002-02-06 18:00:00}",103,139,133
www.amazon.in,"{2002-02-06 18:00:00, 2002-02-13 18:00:00}",104,129,125
www.amazon.in,"{2002-02-13 18:00:00, 2002-02-20 18:00:00}",100,163,158
www.amazon.in,"{2002-02-20 18:00:00, 2002-02-27 18:00:00}",104,181,176
www.amazon.in,"{2002-02-27 18:00:00, 2002-03-06 18:00:00}",105,111,107
www.amazon.in,"{2002-03-06 18:00:00, 2002-03-13 18:00:00}",103,163,157
www.amazon.in,"{2002-03-13 18:00:00, 2002-03-20 18:00:00}",104,144,133
www.amazon.in,"{2002-03-20 18:00:00, 2002-03-27 18:00:00}",104,147,142
www.amazon.in,"{2002-03-27 18:00:00, 2002-04-03 18:00:00}",107,125,119
www.amazon.in,"{2002-04-03 18:00:00, 2002-04-10 19:00:00}",106,111,103
www.amazon.in,"{2002-04-10 19:00:00, 2002-04-17 19:00:00}",107,164,151
www.amazon.in,"{2002-04-17 19:00:00, 2002-04-24 19:00:00}",108,132,118
www.amazon.in,"{2002-04-24 19:00:00, 2002-05-01 19:00:00}",108,162,140
www.amazon.in,"{2002-05-01 19:00:00, 2002-05-08 19:00:00}",114,144,140
www.amazon.in,"{2002-05-08 19:00:00, 2002-05-15 19:00:00}",115,190,182
www.amazon.in,"{2002-05-15 19:00:00, 2002-05-22 19:00:00}",118,141,125
www.amazon.in,"{2002-05-22 19:00:00, 2002-05-29 19:00:00}",117,188,169
www.amazon.in,"{2002-05-29 19:00:00, 2002-06-05 19:00:00}",119,192,172
www.amazon.in,"{2002-06-05 19:00:00, 2002-06-12 19:00:00}",117,182,177
www.amazon.in,"{2002-06-12 19:00:00, 2002-06-19 19:00:00}",118,166,157
www.amazon.in,"{2002-06-19 19:00:00, 2002-06-26 19:00:00}",128,165,152
www.amazon.in,"{2002-06-26 19:00:00, 2002-07-03 19:00:00}",134,232,224
www.amazon.in,"{2002-07-03 19:00:00, 2002-07-10 19:00:00}",134,218,203
www.amazon.in,"{2002-07-10 19:00:00, 2002-07-17 19:00:00}",125,195,186
www.amazon.in,"{2002-07-17 19:00:00, 2002-07-24 19:00:00}",134,174,168
www.amazon.in,"{2002-07-24 19:00:00, 2002-07-31 19:00:00}",136,197,190
www.amazon.in,"{2002-07-31 19:00:00, 2002-08-07 19:00:00}",134,209,203
www.amazon.in,"{2002-08-07 19:00:00, 2002-08-14 19:00:00}",138,212,188
www.amazon.in,"{2002-08-14 19:00:00, 2002-08-21 19:00:00}",139,232,219
www.amazon.in,"{2002-08-21 19:00:00, 2002-08-28 19:00:00}",149,267,258
www.amazon.in,"{2002-08-28 19:00:00, 2002-09-04 19:00:00}",144,246,234
www.amazon.in,"{2002-09-04 19:00:00, 2002-09-11 19:00:00}",152,206,194
www.amazon.in,"{2002-09-11 19:00:00, 2002-09-18 19:00:00}",150,221,214
www.amazon.in,"{2002-09-18 19:00:00, 2002-09-25 19:00:00}",152,240,233
www.amazon.in,"{2002-09-25 19:00:00, 2002-10-02 19:00:00}",154,205,194
www.amazon.in,"{2002-10-02 19:00:00, 2002-10-09 19:00:00}",157,202,197
www.amazon.in,"{2002-10-09 19:00:00, 2002-10-16 19:00:00}",163,271,265
www.amazon.in,"{2002-10-16 19:00:00, 2002-10-23 19:00:00}",163,252,223
www.amazon.in,"{2002-10-23 19:00:00, 2002-10-30 18:00:00}",176,247,238
www.amazon.in,"{2002-10-30 18:00:00, 2002-11-06 18:00:00}",161,222,212
www.amazon.in,"{2002-11-06 18:00:00, 2002-11-13 18:00:00}",156,202,193
www.amazon.in,"{2002-11-13 18:00:00, 2002-11-20 18:00:00}",164,252,226
www.amazon.in,"{2002-11-20 18:00:00, 2002-11-27 18:00:00}",160,278,273
www.amazon.in,"{2002-11-27 18:00:00, 2002-12-04 18:00:00}",169,266,263
www.amazon.in,"{2002-12-04 18:00:00, 2002-12-11 18:00:00}",177,262,248
www.amazon.in,"{2002-12-11 18:00:00, 2002-12-18 18:00:00}",175,265,249
www.amazon.in,"{2002-12-18 18:00:00, 2002-12-25 18:00:00}",172,224,217
www.blockuster.com,"{2000-01-05 18:00:00, 2000-01-12 18:00:00}",866,1615,1553
www.blockuster.com,"{2000-01-12 18:00:00, 2000-01-19 18:00:00}",852,1473,1437
www.blockuster.com,"{2000-01-19 18:00:00, 2000-01-26 18:00:00}",842,1650,1616
www.blockuster.com,"{2000-01-26 18:00:00, 2000-02-02 18:00:00}",831,1462,1354
www.blockuster.com,"{2000-02-02 18:00:00, 2000-02-09 18:00:00}",825,1544,1444
www.blockuster.com,"{2000-02-09 18:00:00, 2000-02-16 18:00:00}",838,1525,1472
www.blockuster.com,"{2000-02-16 18:00:00, 2000-02-23 18:00:00}",823,1423,1321
www.blockuster.com,"{2000-02-23 18:00:00, 2000-03-01 18:00:00}",829,1659,1615
www.blockuster.com,"{2000-03-01 18:00:00, 2000-03-08 18:00:00}",835,1576,1529
www.blockuster.com,"{2000-03-08 18:00:00, 2000-03-15 18:00:00}",812,1473,1404
www.blockuster.com,"{2000-03-15 18:00:00, 2000-03-22 18:00:00}",828,1627,1533
www.blockuster.com,"{2000-03-22 18:00:00, 2000-03-29 18:00:00}",818,1530,1401
www.blockuster.com,"{2000-03-29 18:00:00, 2000-04-05 19:00:00}",810,1451,1405
www.blockuster.com,"{2000-04-05 19:00:00, 2000-04-12 19:00:00}",823,1546,1471
www.blockuster.com,"{2000-04-12 19:00:00, 2000-04-19 19:00:00}",813,1727,1607
www.blockuster.com,"{2000-04-19 19:00:00, 2000-04-26 19:00:00}",818,1340,1282
www.blockuster.com,"{2000-04-26 19:00:00, 2000-05-03 19:00:00}",805,1367,1284
www.blockuster.com,"{2000-05-03 19:00:00, 2000-05-10 19:00:00}",819,1539,1436
www.blockuster.com,"{2000-05-10 19:00:00, 2000-05-17 19:00:00}",821,1563,1514
www.blockuster.com,"{2000-05-17 19:00:00, 2000-05-24 19:00:00}",816,1445,1382
www.blockuster.com,"{2000-05-24 19:00:00, 2000-05-31 19:00:00}",811,1468,1401
www.blockuster.com,"{2000-05-31 19:00:00, 2000-06-07 19:00:00}",804,1448,1362
www.blockuster.com,"{2000-06-07 19:00:00, 2000-06-14 19:00:00}",810,1531,1468
www.blockuster.com,"{2000-06-14 19:00:00, 2000-06-21 19:00:00}",775,1461,1357
www.blockuster.com,"{2000-06-21 19:00:00, 2000-06-28 19:00:00}",790,1400,1323
www.blockuster.com,"{2000-06-28 19:00:00, 2000-07-05 19:00:00}",802,1402,1334
www.blockuster.com,"{2000-07-05 19:00:00, 2000-07-12 19:00:00}",790,1465,1371
www.blockuster.com,"{2000-07-12 19:00:00, 2000-07-19 19:00:00}",788,1405,1340
www.blockuster.com,"{2000-07-19 19:00:00, 2000-07-26 19:00:00}",776,1418,1301
www.blockuster.com,"{2000-07-26 19:00:00, 2000-08-02 19:00:00}",793,1393,1341
www.blockuster.com,"{2000-08-02 19:00:00, 2000-08-09 19:00:00}",782,1536,1453
www.blockuster.com,"{2000-08-09 19:00:00, 2000-08-16 19:00:00}",775,1459,1387
www.blockuster.com,"{2000-08-16 19:00:00, 2000-08-23 19:00:00}",765,1422,1367
www.blockuster.com,"{2000-08-23 19:00:00, 2000-08-30 19:00:00}",746,1446,1332
www.blockuster.com,"{2000-08-30 19:00:00, 2000-09-06 19:00:00}",763,1420,1355
www.blockuster.com,"{2000-09-06 19:00:00, 2000-09-13 19:00:00}",751,1410,1335
www.blockuster.com,"{2000-09-13 19:00:00, 2000-09-20 19:00:00}",730,1631,1542
www.blockuster.com,"{2000-09-20 19:00:00, 2000-09-27 19:00:00}",746,1411,1320
www.blockuster.com,"{2000-09-27 19:00:00, 2000-10-04 19:00:00}",747,1420,1357
www.blockuster.com,"{2000-10-04 19:00:00, 2000-10-11 19:00:00}",736,1229,1148
www.blockuster.com,"{2000-10-11 19:00:00, 2000-10-18 19:00:00}",742,1413,1317
www.blockuster.com,"{2000-10-18 19:00:00, 2000-10-25 19:00:00}",746,1453,1397
www.blockuster.com,"{2000-10-25 19:00:00, 2000-11-01 18:00:00}",741,1427,1321
www.blockuster.com,"{2000-11-01 18:00:00, 2000-11-08 18:00:00}",730,1426,1360
www.blockuster.com,"{2000-11-08 18:00:00, 2000-11-15 18:00:00}",723,1316,1214
www.blockuster.com,"{2000-11-15 18:00:00, 2000-11-22 18:00:00}",721,1431,1384
www.blockuster.com,"{2000-11-22 18:00:00, 2000-11-29 18:00:00}",737,1403,1358
www.blockuster.com,"{2000-11-29 18:00:00, 2000-12-06 18:00:00}",723,1326,1262
www.blockuster.com,"{2000-12-06 18:00:00, 2000-12-13 18:00:00}",725,1385,1318
www.blockuster.com,"{2000-12-13 18:00:00, 2000-12-20 18:00:00}",714,1288,1226
www.blockuster.com,"{2000-12-20 18:00:00, 2000-12-27 18:00:00}",717,1461,1395
www.blockuster.com,"{2000-12-27 18:00:00, 2001-01-03 18:00:00}",697,1322,1265
www.blockuster.com,"{2001-01-03 18:00:00, 2001-01-10 18:00:00}",687,1268,1223
www.blockuster.com,"{2001-01-10 18:00:00, 2001-01-17 18:00:00}",698,1450,1391
www.blockuster.com,"{2001-01-17 18:00:00, 2001-01-24 18:00:00}",685,1282,1232
www.blockuster.com,"{2001-01-24 18:00:00, 2001-01-31 18:00:00}",679,1130,1070
www.blockuster.com,"{2001-01-31 18:00:00, 2001-02-07 18:00:00}",683,1319,1249
www.blockuster.com,"{2001-02-07 18:00:00, 2001-02-14 18:00:00}",673,1246,1213
www.blockuster.com,"{2001-02-14 18:00:00, 2001-02-21 18:00:00}",681,1172,1130
www.blockuster.com,"{2001-02-21 18:00:00, 2001-02-28 18:00:00}",679,1316,1223
www.blockuster.com,"{2001-02-28 18:00:00, 2001-03-07 18:00:00}",664,1296,1224
www.blockuster.com,"{2001-03-07 18:00:00, 2001-03-14 18:00:00}",664,1171,1134
www.blockuster.com,"{2001-03-14 18:00:00, 2001-03-21 18:00:00}",658,1305,1252
www.blockuster.com,"{2001-03-21 18:00:00, 2001-03-28 18:00:00}",663,1198,1146
www.blockuster.com,"{2001-03-28 18:00:00, 2001-04-04 19:00:00}",638,1206,1127
www.blockuster.com,"{2001-04-04 19:00:00, 2001-04-11 19:00:00}",648,1170,1142
www.blockuster.com,"{2001-04-11 19:00:00, 2001-04-18 19:00:00}",633,1116,1044
www.blockuster.com,"{2001-04-18 19:00:00, 2001-04-25 19:00:00}",636,1167,1121
www.blockuster.com,"{2001-04-25 19:00:00, 2001-05-02 19:00:00}",619,1133,1065
www.blockuster.com,"{2001-05-02 19:00:00, 2001-05-09 19:00:00}",638,1280,1182
www.blockuster.com,"{2001-05-09 19:00:00, 2001-05-16 19:00:00}",633,1148,1083
www.blockuster.com,"{2001-05-16 19:00:00, 2001-05-23 19:00:00}",629,1150,1102
www.blockuster.com,"{2001-05-23 19:00:00, 2001-05-30 19:00:00}",613,1111,1063
www.blockuster.com,"{2001-05-30 19:00:00, 2001-06-06 19:00:00}",614,1108,1088
www.blockuster.com,"{2001-06-06 19:00:00, 2001-06-13 19:00:00}",606,1157,1051
www.blockuster.com,"{2001-06-13 19:00:00, 2001-06-20 19:00:00}",616,1231,1171
www.blockuster.com,"{2001-06-20 19:00:00, 2001-06-27 19:00:00}",610,1214,1165
www.blockuster.com,"{2001-06-27 19:00:00, 2001-07-04 19:00:00}",611,1091,1060
www.blockuster.com,"{2001-07-04 19:00:00, 2001-07-11 19:00:00}",617,1268,1181
www.blockuster.com,"{2001-07-11 19:00:00, 2001-07-18 19:00:00}",605,1099,1062
www.blockuster.com,"{2001-07-18 19:00:00, 2001-07-25 19:00:00}",608,1219,1142
www.blockuster.com,"{2001-07-25 19:00:00, 2001-08-01 19:00:00}",619,1217,1186
www.blockuster.com,"{2001-08-01 19:00:00, 2001-08-08 19:00:00}",600,1235,1175
www.blockuster.com,"{2001-08-08 19:00:00, 2001-08-15 19:00:00}",606,1135,1086
www.blockuster.com,"{2001-08-15 19:00:00, 2001-08-22 19:00:00}",598,1234,1169
www.blockuster.com,"{2001-08-22 19:00:00, 2001-08-29 19:00:00}",590,1048,968
www.blockuster.com,"{2001-08-29 19:00:00, 2001-09-05 19:00:00}",605,991,946
www.blockuster.com,"{2001-09-05 19:00:00, 2001-09-12 19:00:00}",594,1139,1082
www.blockuster.com,"{2001-09-12 19:00:00, 2001-09-19 19:00:00}",598,1184,1121
www.blockuster.com,"{2001-09-19 19:00:00, 2001-09-26 19:00:00}",596,1192,1109
www.blockuster.com,"{2001-09-26 19:00:00, 2001-10-03 19:00:00}",582,1043,1004
www.blockuster.com,"{2001-10-03 19:00:00, 2001-10-10 19:00:00}",605,1047,963
www.blockuster.com,"{2001-10-10 19:00:00, 2001-10-17 19:00:00}",597,1141,1072
www.blockuster.com,"{2001-10-17 19:00:00, 2001-10-24 19:00:00}",595,1157,1097
www.blockuster.com,"{2001-10-24 19:00:00, 2001-10-31 18:00:00}",600,1033,966
www.blockuster.com,"{2001-10-31 18:00:00, 2001-11-07 18:00:00}",599,1104,1064
www.blockuster.com,"{2001-11-07 18:00:00, 2001-11-14 18:00:00}",590,1110,1057
www.blockuster.com,"{2001-11-14 18:00:00, 2001-11-21 18:00:00}",594,1143,1093
www.blockuster.com,"{2001-11-21 18:00:00, 2001-11-28 18:00:00}",595,1074,1040
www.blockuster.com,"{2001-11-28 18:00:00, 2001-12-05 18:00:00}",603,1140,1100
www.blockuster.com,"{2001-12-05 18:00:00, 2001-12-12 18:00:00}",587,1015,972
www.blockuster.com,"{2001-12-12 18:00:00, 2001-12-19 18:00:00}",586,1316,1274
www.blockuster.com,"{2001-12-19 18:00:00, 2001-12-26 18:00:00}",594,1163,1126
www.blockuster.com,"{2001-12-26 18:00:00, 2002-01-02 18:00:00}",587,1092,1039
www.blockuster.com,"{2002-01-02 18:00:00, 2002-01-09 18:00:00}",588,1131,1070
www.blockuster.com,"{2002-01-09 18:00:00, 2002-01-16 18:00:00}",574,1098,1058
www.blockuster.com,"{2002-01-16 18:00:00, 2002-01-23 18:00:00}",564,1170,1077
www.blockuster.com,"{2002-01-23 18:00:00, 2002-01-30 18:00:00}",549,961,910
www.blockuster.com,"{2002-01-30 18:00:00, 2002-02-06 18:00:00}",560,1061,1022
www.blockuster.com,"{2002-02-06 18:00:00, 2002-02-13 18:00:00}",539,913,865
www.blockuster.com,"{2002-02-13 18:00:00, 2002-02-20 18:00:00}",542,995,959
www.blockuster.com,"{2002-02-20 18:00:00, 2002-02-27 18:00:00}",551,1002,941
www.blockuster.com,"{2002-02-27 18:00:00, 2002-03-06 18:00:00}",549,972,892
www.blockuster.com,"{2002-03-06 18:00:00, 2002-03-13 18:00:00}",544,1057,1027
www.blockuster.com,"{2002-03-13 18:00:00, 2002-03-20 18:00:00}",551,1070,1024
www.blockuster.com,"{2002-03-20 18:00:00, 2002-03-27 18:00:00}",545,945,911
www.blockuster.com,"{2002-03-27 18:00:00, 2002-04-03 18:00:00}",546,1025,953
www.blockuster.com,"{2002-04-03 18:00:00, 2002-04-10 19:00:00}",550,1053,1008
www.blockuster.com,"{2002-04-10 19:00:00, 2002-04-17 19:00:00}",550,1051,1017
www.blockuster.com,"{2002-04-17 19:00:00, 2002-04-24 19:00:00}",546,1001,962
www.blockuster.com,"{2002-04-24 19:00:00, 2002-05-01 19:00:00}",548,1005,962
www.blockuster.com,"{2002-05-01 19:00:00, 2002-05-08 19:00:00}",546,1026,965
www.blockuster.com,"{2002-05-08 19:00:00, 2002-05-15 19:00:00}",535,965,915
www.blockuster.com,"{2002-05-15 19:00:00, 2002-05-22 19:00:00}",541,1052,960
www.blockuster.com,"{2002-05-22 19:00:00, 2002-05-29 19:00:00}",518,938,895
www.blockuster.com,"{2002-05-29 19:00:00, 2002-06-05 19:00:00}",520,904,852
www.blockuster.com,"{2002-06-05 19:00:00, 2002-06-12 19:00:00}",542,914,856
www.blockuster.com,"{2002-06-12 19:00:00, 2002-06-19 19:00:00}",515,1051,993
www.blockuster.com,"{2002-06-19 19:00:00, 2002-06-26 19:00:00}",536,1055,1000
www.blockuster.com,"{2002-06-26 19:00:00, 2002-07-03 19:00:00}",523,927,894
www.blockuster.com,"{2002-07-03 19:00:00, 2002-07-10 19:00:00}",528,958,888
www.blockuster.com,"{2002-07-10 19:00:00, 2002-07-17 19:00:00}",527,861,823
www.blockuster.com,"{2002-07-17 19:00:00, 2002-07-24 19:00:00}",529,948,912
www.blockuster.com,"{2002-07-24 19:00:00, 2002-07-31 19:00:00}",531,793,754
www.blockuster.com,"{2002-07-31 19:00:00, 2002-08-07 19:00:00}",522,955,911
www.blockuster.com,"{2002-08-07 19:00:00, 2002-08-14 19:00:00}",532,985,929
www.blockuster.com,"{2002-08-14 19:00:00, 2002-08-21 19:00:00}",529,908,815
www.blockuster.com,"{2002-08-21 19:00:00, 2002-08-28 19:00:00}",527,958,894
www.blockuster.com,"{2002-08-28 19:00:00, 2002-09-04 19:00:00}",529,1000,978
www.blockuster.com,"{2002-09-04 19:00:00, 2002-09-11 19:00:00}",522,1030,968
www.blockuster.com,"{2002-09-11 19:00:00, 2002-09-18 19:00:00}",530,941,888
www.blockuster.com,"{2002-09-18 19:00:00, 2002-09-25 19:00:00}",525,1020,991
www.blockuster.com,"{2002-09-25 19:00:00, 2002-10-02 19:00:00}",503,918,875
www.blockuster.com,"{2002-10-02 19:00:00, 2002-10-09 19:00:00}",513,989,967
www.blockuster.com,"{2002-10-09 19:00:00, 2002-10-16 19:00:00}",508,927,896
www.blockuster.com,"{2002-10-16 19:00:00, 2002-10-23 19:00:00}",507,911,881
www.blockuster.com,"{2002-10-23 19:00:00, 2002-10-30 18:00:00}",504,873,835
www.blockuster.com,"{2002-10-30 18:00:00, 2002-11-06 18:00:00}",505,781,732
www.blockuster.com,"{2002-11-06 18:00:00, 2002-11-13 18:00:00}",509,953,926
www.blockuster.com,"{2002-11-13 18:00:00, 2002-11-20 18:00:00}",498,816,763
www.blockuster.com,"{2002-11-20 18:00:00, 2002-11-27 18:00:00}",517,983,925
www.blockuster.com,"{2002-11-27 18:00:00, 2002-12-04 18:00:00}",503,972,923
www.blockuster.com,"{2002-12-04 18:00:00, 2002-12-11 18:00:00}",504,970,920
www.blockuster.com,"{2002-12-11 18:00:00, 2002-12-18 18:00:00}",503,900,830
www.blockuster.com,"{2002-12-18 18:00:00, 2002-12-25 18:00:00}",501,869,832
www.ebay.com,"{2000-01-05 18:00:00, 2000-01-12 18:00:00}",345,540,512
www.ebay.com,"{2000-01-12 18:00:00, 2000-01-19 18:00:00}",354,526,485
www.ebay.com,"{2000-01-19 18:00:00, 2000-01-26 18:00:00}",358,586,544
www.ebay.com,"{2000-01-26 18:00:00, 2000-02-02 18:00:00}",362,604,576
www.ebay.com,"{2000-02-02 18:00:00, 2000-02-09 18:00:00}",363,650,622
www.ebay.com,"{2000-02-09 18:00:00, 2000-02-16 18:00:00}",345,477,462
www.ebay.com,"{2000-02-16 18:00:00, 2000-02-23 18:00:00}",342,484,451
www.ebay.com,"{2000-02-23 18:00:00, 2000-03-01 18:00:00}",348,452,434
www.ebay.com,"{2000-03-01 18:00:00, 2000-03-08 18:00:00}",340,507,486
www.ebay.com,"{2000-03-08 18:00:00, 2000-03-15 18:00:00}",332,427,417
www.ebay.com,"{2000-03-15 18:00:00, 2000-03-22 18:00:00}",337,575,526
www.ebay.com,"{2000-03-22 18:00:00, 2000-03-29 18:00:00}",342,538,521
www.ebay.com,"{2000-03-29 18:00:00, 2000-04-05 19:00:00}",335,566,549
www.ebay.com,"{2000-04-05 19:00:00, 2000-04-12 19:00:00}",330,568,536
www.ebay.com,"{2000-04-12 19:00:00, 2000-04-19 19:00:00}",332,523,501
www.ebay.com,"{2000-04-19 19:00:00, 2000-04-26 19:00:00}",336,513,497
www.ebay.com,"{2000-04-26 19:00:00, 2000-05-03 19:00:00}",331,547,530
www.ebay.com,"{2000-05-03 19:00:00, 2000-05-10 19:00:00}",337,503,482
www.ebay.com,"{2000-05-10 19:00:00, 2000-05-17 19:00:00}",333,535,486
www.ebay.com,"{2000-05-17 19:00:00, 2000-05-24 19:00:00}",334,503,487
www.ebay.com,"{2000-05-24 19:00:00, 2000-05-31 19:00:00}",336,616,600
www.ebay.com,"{2000-05-31 19:00:00, 2000-06-07 19:00:00}",334,491,465
www.ebay.com,"{2000-06-07 19:00:00, 2000-06-14 19:00:00}",347,486,469
www.ebay.com,"{2000-06-14 19:00:00, 2000-06-21 19:00:00}",350,541,524
www.ebay.com,"{2000-06-21 19:00:00, 2000-06-28 19:00:00}",353,476,442
www.ebay.com,"{2000-06-28 19:00:00, 2000-07-05 19:00:00}",349,549,519
www.ebay.com,"{2000-07-05 19:00:00, 2000-07-12 19:00:00}",339,467,437
www.ebay.com,"{2000-07-12 19:00:00, 2000-07-19 19:00:00}",342,483,458
www.ebay.com,"{2000-07-19 19:00:00, 2000-07-26 19:00:00}",341,534,523
www.ebay.com,"{2000-07-26 19:00:00, 2000-08-02 19:00:00}",354,577,548
www.ebay.com,"{2000-08-02 19:00:00, 2000-08-09 19:00:00}",347,478,461
www.ebay.com,"{2000-08-09 19:00:00, 2000-08-16 19:00:00}",335,502,485
www.ebay.com,"{2000-08-16 19:00:00, 2000-08-23 19:00:00}",345,411,385
www.ebay.com,"{2000-08-23 19:00:00, 2000-08-30 19:00:00}",346,503,477
www.ebay.com,"{2000-08-30 19:00:00, 2000-09-06 19:00:00}",350,577,547
www.ebay.com,"{2000-09-06 19:00:00, 2000-09-13 19:00:00}",344,525,476
www.ebay.com,"{2000-09-13 19:00:00, 2000-09-20 19:00:00}",345,562,539
www.ebay.com,"{2000-09-20 19:00:00, 2000-09-27 19:00:00}",351,535,508
www.ebay.com,"{2000-09-27 19:00:00, 2000-10-04 19:00:00}",337,498,485
www.ebay.com,"{2000-10-04 19:00:00, 2000-10-11 19:00:00}",334,448,430
www.ebay.com,"{2000-10-11 19:00:00, 2000-10-18 19:00:00}",328,527,517
www.ebay.com,"{2000-10-18 19:00:00, 2000-10-25 19:00:00}",333,557,506
www.ebay.com,"{2000-10-25 19:00:00, 2000-11-01 18:00:00}",329,488,457
www.ebay.com,"{2000-11-01 18:00:00, 2000-11-08 18:00:00}",342,530,502
www.ebay.com,"{2000-11-08 18:00:00, 2000-11-15 18:00:00}",348,460,431
www.ebay.com,"{2000-11-15 18:00:00, 2000-11-22 18:00:00}",335,478,466
www.ebay.com,"{2000-11-22 18:00:00, 2000-11-29 18:00:00}",351,524,490
www.ebay.com,"{2000-11-29 18:00:00, 2000-12-06 18:00:00}",335,513,497
www.ebay.com,"{2000-12-06 18:00:00, 2000-12-13 18:00:00}",350,480,453
www.ebay.com,"{2000-12-13 18:00:00, 2000-12-20 18:00:00}",346,481,461
www.ebay.com,"{2000-12-20 18:00:00, 2000-12-27 18:00:00}",335,497,465
www.ebay.com,"{2000-12-27 18:00:00, 2001-01-03 18:00:00}",344,475,454
www.ebay.com,"{2001-01-03 18:00:00, 2001-01-10 18:00:00}",350,511,478
www.ebay.com,"{2001-01-10 18:00:00, 2001-01-17 18:00:00}",351,513,491
www.ebay.com,"{2001-01-17 18:00:00, 2001-01-24 18:00:00}",359,581,545
www.ebay.com,"{2001-01-24 18:00:00, 2001-01-31 18:00:00}",353,466,452
www.ebay.com,"{2001-01-31 18:00:00, 2001-02-07 18:00:00}",346,531,503
www.ebay.com,"{2001-02-07 18:00:00, 2001-02-14 18:00:00}",359,469,449
www.ebay.com,"{2001-02-14 18:00:00, 2001-02-21 18:00:00}",347,524,510
www.ebay.com,"{2001-02-21 18:00:00, 2001-02-28 18:00:00}",337,586,554
www.ebay.com,"{2001-02-28 18:00:00, 2001-03-07 18:00:00}",346,455,442
www.ebay.com,"{2001-03-07 18:00:00, 2001-03-14 18:00:00}",338,457,440
www.ebay.com,"{2001-03-14 18:00:00, 2001-03-21 18:00:00}",347,544,510
www.ebay.com,"{2001-03-21 18:00:00, 2001-03-28 18:00:00}",335,493,479
www.ebay.com,"{2001-03-28 18:00:00, 2001-04-04 19:00:00}",337,513,481
www.ebay.com,"{2001-04-04 19:00:00, 2001-04-11 19:00:00}",345,516,482
www.ebay.com,"{2001-04-11 19:00:00, 2001-04-18 19:00:00}",329,488,467
www.ebay.com,"{2001-04-18 19:00:00, 2001-04-25 19:00:00}",336,451,422
www.ebay.com,"{2001-04-25 19:00:00, 2001-05-02 19:00:00}",349,460,430
www.ebay.com,"{2001-05-02 19:00:00, 2001-05-09 19:00:00}",331,453,439
www.ebay.com,"{2001-05-09 19:00:00, 2001-05-16 19:00:00}",338,565,553
www.ebay.com,"{2001-05-16 19:00:00, 2001-05-23 19:00:00}",332,451,427
www.ebay.com,"{2001-05-23 19:00:00, 2001-05-30 19:00:00}",339,524,494
www.ebay.com,"{2001-05-30 19:00:00, 2001-06-06 19:00:00}",338,463,434
www.ebay.com,"{2001-06-06 19:00:00, 2001-06-13 19:00:00}",348,497,459
www.ebay.com,"{2001-06-13 19:00:00, 2001-06-20 19:00:00}",344,460,435
www.ebay.com,"{2001-06-20 19:00:00, 2001-06-27 19:00:00}",349,473,449
www.ebay.com,"{2001-06-27 19:00:00, 2001-07-04 19:00:00}",348,493,462
www.ebay.com,"{2001-07-04 19:00:00, 2001-07-11 19:00:00}",339,464,449
www.ebay.com,"{2001-07-11 19:00:00, 2001-07-18 19:00:00}",349,549,528
www.ebay.com,"{2001-07-18 19:00:00, 2001-07-25 19:00:00}",350,453,436
www.ebay.com,"{2001-07-25 19:00:00, 2001-08-01 19:00:00}",344,538,516
www.ebay.com,"{2001-08-01 19:00:00, 2001-08-08 19:00:00}",343,480,453
www.ebay.com,"{2001-08-08 19:00:00, 2001-08-15 19:00:00}",344,504,493
www.ebay.com,"{2001-08-15 19:00:00, 2001-08-22 19:00:00}",353,589,565
www.ebay.com,"{2001-08-22 19:00:00, 2001-08-29 19:00:00}",341,524,510
www.ebay.com,"{2001-08-29 19:00:00, 2001-09-05 19:00:00}",341,453,437
www.ebay.com,"{2001-09-05 19:00:00, 2001-09-12 19:00:00}",341,451,434
www.ebay.com,"{2001-09-12 19:00:00, 2001-09-19 19:00:00}",342,479,432
www.ebay.com,"{2001-09-19 19:00:00, 2001-09-26 19:00:00}",333,529,502
www.ebay.com,"{2001-09-26 19:00:00, 2001-10-03 19:00:00}",331,421,399
www.ebay.com,"{2001-10-03 19:00:00, 2001-10-10 19:00:00}",338,446,407
www.ebay.com,"{2001-10-10 19:00:00, 2001-10-17 19:00:00}",334,498,461
www.ebay.com,"{2001-10-17 19:00:00, 2001-10-24 19:00:00}",328,526,500
www.ebay.com,"{2001-10-24 19:00:00, 2001-10-31 18:00:00}",322,414,400
www.ebay.com,"{2001-10-31 18:00:00, 2001-11-07 18:00:00}",325,556,527
www.ebay.com,"{2001-11-07 18:00:00, 2001-11-14 18:00:00}",326,474,431
www.ebay.com,"{2001-11-14 18:00:00, 2001-11-21 18:00:00}",344,502,487
www.ebay.com,"{2001-11-21 18:00:00, 2001-11-28 18:00:00}",335,541,509
www.ebay.com,"{2001-11-28 18:00:00, 2001-12-05 18:00:00}",355,543,522
www.ebay.com,"{2001-12-05 18:00:00, 2001-12-12 18:00:00}",328,535,491
www.ebay.com,"{2001-12-12 18:00:00, 2001-12-19 18:00:00}",349,526,503
www.ebay.com,"{2001-12-19 18:00:00, 2001-12-26 18:00:00}",349,520,489
www.ebay.com,"{2001-12-26 18:00:00, 2002-01-02 18:00:00}",364,523,499
www.ebay.com,"{2002-01-02 18:00:00, 2002-01-09 18:00:00}",341,506,468
www.ebay.com,"{2002-01-09 18:00:00, 2002-01-16 18:00:00}",340,432,414
www.ebay.com,"{2002-01-16 18:00:00, 2002-01-23 18:00:00}",347,550,520
www.ebay.com,"{2002-01-23 18:00:00, 2002-01-30 18:00:00}",346,579,510
www.ebay.com,"{2002-01-30 18:00:00, 2002-02-06 18:00:00}",328,497,450
www.ebay.com,"{2002-02-06 18:00:00, 2002-02-13 18:00:00}",350,502,463
www.ebay.com,"{2002-02-13 18:00:00, 2002-02-20 18:00:00}",339,489,461
www.ebay.com,"{2002-02-20 18:00:00, 2002-02-27 18:00:00}",342,507,490
www.ebay.com,"{2002-02-27 18:00:00, 2002-03-06 18:00:00}",348,561,537
www.ebay.com,"{2002-03-06 18:00:00, 2002-03-13 18:00:00}",347,538,520
www.ebay.com,"{2002-03-13 18:00:00, 2002-03-20 18:00:00}",347,551,504
www.ebay.com,"{2002-03-20 18:00:00, 2002-03-27 18:00:00}",352,535,518
www.ebay.com,"{2002-03-27 18:00:00, 2002-04-03 18:00:00}",334,434,418
www.ebay.com,"{2002-04-03 18:00:00, 2002-04-10 19:00:00}",344,523,494
www.ebay.com,"{2002-04-10 19:00:00, 2002-04-17 19:00:00}",344,515,495
www.ebay.com,"{2002-04-17 19:00:00, 2002-04-24 19:00:00}",358,636,623
www.ebay.com,"{2002-04-24 19:00:00, 2002-05-01 19:00:00}",345,471,437
www.ebay.com,"{2002-05-01 19:00:00, 2002-05-08 19:00:00}",344,531,513
www.ebay.com,"{2002-05-08 19:00:00, 2002-05-15 19:00:00}",345,455,440
www.ebay.com,"{2002-05-15 19:00:00, 2002-05-22 19:00:00}",352,412,384
www.ebay.com,"{2002-05-22 19:00:00, 2002-05-29 19:00:00}",336,541,508
www.ebay.com,"{2002-05-29 19:00:00, 2002-06-05 19:00:00}",360,556,522
www.ebay.com,"{2002-06-05 19:00:00, 2002-06-12 19:00:00}",357,578,540
www.ebay.com,"{2002-06-12 19:00:00, 2002-06-19 19:00:00}",350,543,516
www.ebay.com,"{2002-06-19 19:00:00, 2002-06-26 19:00:00}",349,400,384
www.ebay.com,"{2002-06-26 19:00:00, 2002-07-03 19:00:00}",357,531,491
www.ebay.com,"{2002-07-03 19:00:00, 2002-07-10 19:00:00}",328,445,431
www.ebay.com,"{2002-07-10 19:00:00, 2002-07-17 19:00:00}",337,456,439
www.ebay.com,"{2002-07-17 19:00:00, 2002-07-24 19:00:00}",333,447,436
www.ebay.com,"{2002-07-24 19:00:00, 2002-07-31 19:00:00}",337,457,438
www.ebay.com,"{2002-07-31 19:00:00, 2002-08-07 19:00:00}",344,575,559
www.ebay.com,"{2002-08-07 19:00:00, 2002-08-14 19:00:00}",344,555,522
www.ebay.com,"{2002-08-14 19:00:00, 2002-08-21 19:00:00}",332,517,490
www.ebay.com,"{2002-08-21 19:00:00, 2002-08-28 19:00:00}",331,576,553
www.ebay.com,"{2002-08-28 19:00:00, 2002-09-04 19:00:00}",333,457,431
www.ebay.com,"{2002-09-04 19:00:00, 2002-09-11 19:00:00}",338,484,471
www.ebay.com,"{2002-09-11 19:00:00, 2002-09-18 19:00:00}",336,546,531
www.ebay.com,"{2002-09-18 19:00:00, 2002-09-25 19:00:00}",330,503,467
www.ebay.com,"{2002-09-25 19:00:00, 2002-10-02 19:00:00}",334,445,399
www.ebay.com,"{2002-10-02 19:00:00, 2002-10-09 19:00:00}",329,424,396
www.ebay.com,"{2002-10-09 19:00:00, 2002-10-16 19:00:00}",329,509,489
www.ebay.com,"{2002-10-16 19:00:00, 2002-10-23 19:00:00}",327,425,413
www.ebay.com,"{2002-10-23 19:00:00, 2002-10-30 18:00:00}",327,460,442
www.ebay.com,"{2002-10-30 18:00:00, 2002-11-06 18:00:00}",327,447,407
www.ebay.com,"{2002-11-06 18:00:00, 2002-11-13 18:00:00}",344,470,446
www.ebay.com,"{2002-11-13 18:00:00, 2002-11-20 18:00:00}",338,449,428
www.ebay.com,"{2002-11-20 18:00:00, 2002-11-27 18:00:00}",335,552,538
www.ebay.com,"{2002-11-27 18:00:00, 2002-12-04 18:00:00}",347,513,485
www.ebay.com,"{2002-12-04 18:00:00, 2002-12-11 18:00:00}",342,493,468
www.ebay.com,"{2002-12-11 18:00:00, 2002-12-18 18:00:00}",351,476,446
www.ebay.com,"{2002-12-18 18:00:00, 2002-12-25 18:00:00}",360,559,516
www.etsy.com,"{2000-01-05 18:00:00, 2000-01-12 18:00:00}",525,705,679
www.etsy.com,"{2000-01-12 18:00:00, 2000-01-19 18:00:00}",510,711,672
www.etsy.com,"{2000-01-19 18:00:00, 2000-01-26 18:00:00}",523,783,755
www.etsy.com,"{2000-01-26 18:00:00, 2000-02-02 18:00:00}",518,784,747
www.etsy.com,"{2000-02-02 18:00:00, 2000-02-09 18:00:00}",518,744,693
www.etsy.com,"{2000-02-09 18:00:00, 2000-02-16 18:00:00}",517,798,743
www.etsy.com,"{2000-02-16 18:00:00, 2000-02-23 18:00:00}",515,686,662
www.etsy.com,"{2000-02-23 18:00:00, 2000-03-01 18:00:00}",531,800,754
www.etsy.com,"{2000-03-01 18:00:00, 2000-03-08 18:00:00}",504,800,767
www.etsy.com,"{2000-03-08 18:00:00, 2000-03-15 18:00:00}",485,743,695
www.etsy.com,"{2000-03-15 18:00:00, 2000-03-22 18:00:00}",475,713,677
www.etsy.com,"{2000-03-22 18:00:00, 2000-03-29 18:00:00}",451,605,572
www.etsy.com,"{2000-03-29 18:00:00, 2000-04-05 19:00:00}",438,641,595
www.etsy.com,"{2000-04-05 19:00:00, 2000-04-12 19:00:00}",438,697,649
www.etsy.com,"{2000-04-12 19:00:00, 2000-04-19 19:00:00}",438,633,600
www.etsy.com,"{2000-04-19 19:00:00, 2000-04-26 19:00:00}",432,623,592
www.etsy.com,"{2000-04-26 19:00:00, 2000-05-03 19:00:00}",432,674,635
www.etsy.com,"{2000-05-03 19:00:00, 2000-05-10 19:00:00}",402,581,559
www.etsy.com,"{2000-05-10 19:00:00, 2000-05-17 19:00:00}",403,620,586
www.etsy.com,"{2000-05-17 19:00:00, 2000-05-24 19:00:00}",401,581,565
www.etsy.com,"{2000-05-24 19:00:00, 2000-05-31 19:00:00}",394,551,512
www.etsy.com,"{2000-05-31 19:00:00, 2000-06-07 19:00:00}",384,530,508
www.etsy.com,"{2000-06-07 19:00:00, 2000-06-14 19:00:00}",374,605,571
www.etsy.com,"{2000-06-14 19:00:00, 2000-06-21 19:00:00}",361,629,596
www.etsy.com,"{2000-06-21 19:00:00, 2000-06-28 19:00:00}",358,490,478
www.etsy.com,"{2000-06-28 19:00:00, 2000-07-05 19:00:00}",345,539,528
www.etsy.com,"{2000-07-05 19:00:00, 2000-07-12 19:00:00}",343,540,505
www.etsy.com,"{2000-07-12 19:00:00, 2000-07-19 19:00:00}",343,554,529
www.etsy.com,"{2000-07-19 19:00:00, 2000-07-26 19:00:00}",350,549,526
www.etsy.com,"{2000-07-26 19:00:00, 2000-08-02 19:00:00}",339,484,466
www.etsy.com,"{2000-08-02 19:00:00, 2000-08-09 19:00:00}",329,504,484
www.etsy.com,"{2000-08-09 19:00:00, 2000-08-16 19:00:00}",316,527,512
www.etsy.com,"{2000-08-16 19:00:00, 2000-08-23 19:00:00}",326,453,436
www.etsy.com,"{2000-08-23 19:00:00, 2000-08-30 19:00:00}",330,481,466
www.etsy.com,"{2000-08-30 19:00:00, 2000-09-06 19:00:00}",326,528,458
www.etsy.com,"{2000-09-06 19:00:00, 2000-09-13 19:00:00}",310,517,491
www.etsy.com,"{2000-09-13 19:00:00, 2000-09-20 19:00:00}",320,449,430
www.etsy.com,"{2000-09-20 19:00:00, 2000-09-27 19:00:00}",323,510,486
www.etsy.com,"{2000-09-27 19:00:00, 2000-10-04 19:00:00}",340,458,430
www.etsy.com,"{2000-10-04 19:00:00, 2000-10-11 19:00:00}",330,494,447
www.etsy.com,"{2000-10-11 19:00:00, 2000-10-18 19:00:00}",307,405,388
www.etsy.com,"{2000-10-18 19:00:00, 2000-10-25 19:00:00}",336,484,451
www.etsy.com,"{2000-10-25 19:00:00, 2000-11-01 18:00:00}",340,527,502
www.etsy.com,"{2000-11-01 18:00:00, 2000-11-08 18:00:00}",359,572,535
www.etsy.com,"{2000-11-08 18:00:00, 2000-11-15 18:00:00}",344,593,569
www.etsy.com,"{2000-11-15 18:00:00, 2000-11-22 18:00:00}",347,490,467
www.etsy.com,"{2000-11-22 18:00:00, 2000-11-29 18:00:00}",349,515,469
www.etsy.com,"{2000-11-29 18:00:00, 2000-12-06 18:00:00}",355,554,542
www.etsy.com,"{2000-12-06 18:00:00, 2000-12-13 18:00:00}",355,580,551
www.etsy.com,"{2000-12-13 18:00:00, 2000-12-20 18:00:00}",354,575,550
www.etsy.com,"{2000-12-20 18:00:00, 2000-12-27 18:00:00}",338,515,499
www.etsy.com,"{2000-12-27 18:00:00, 2001-01-03 18:00:00}",339,533,518
www.etsy.com,"{2001-01-03 18:00:00, 2001-01-10 18:00:00}",347,599,561
www.etsy.com,"{2001-01-10 18:00:00, 2001-01-17 18:00:00}",331,446,433
www.etsy.com,"{2001-01-17 18:00:00, 2001-01-24 18:00:00}",330,522,485
www.etsy.com,"{2001-01-24 18:00:00, 2001-01-31 18:00:00}",320,404,389
www.etsy.com,"{2001-01-31 18:00:00, 2001-02-07 18:00:00}",340,426,413
www.etsy.com,"{2001-02-07 18:00:00, 2001-02-14 18:00:00}",328,480,464
www.etsy.com,"{2001-02-14 18:00:00, 2001-02-21 18:00:00}",323,481,447
www.etsy.com,"{2001-02-21 18:00:00, 2001-02-28 18:00:00}",324,476,452
www.etsy.com,"{2001-02-28 18:00:00, 2001-03-07 18:00:00}",336,514,490
www.etsy.com,"{2001-03-07 18:00:00, 2001-03-14 18:00:00}",326,500,451
www.etsy.com,"{2001-03-14 18:00:00, 2001-03-21 18:00:00}",342,524,500
www.etsy.com,"{2001-03-21 18:00:00, 2001-03-28 18:00:00}",325,456,441
www.etsy.com,"{2001-03-28 18:00:00, 2001-04-04 19:00:00}",301,411,401
www.etsy.com,"{2001-04-04 19:00:00, 2001-04-11 19:00:00}",310,397,373
www.etsy.com,"{2001-04-11 19:00:00, 2001-04-18 19:00:00}",318,404,391
www.etsy.com,"{2001-04-18 19:00:00, 2001-04-25 19:00:00}",318,449,435
www.etsy.com,"{2001-04-25 19:00:00, 2001-05-02 19:00:00}",320,462,443
www.etsy.com,"{2001-05-02 19:00:00, 2001-05-09 19:00:00}",351,584,567
www.etsy.com,"{2001-05-09 19:00:00, 2001-05-16 19:00:00}",349,513,459
www.etsy.com,"{2001-05-16 19:00:00, 2001-05-23 19:00:00}",320,405,381
www.etsy.com,"{2001-05-23 19:00:00, 2001-05-30 19:00:00}",317,453,436
www.etsy.com,"{2001-05-30 19:00:00, 2001-06-06 19:00:00}",328,447,425
www.etsy.com,"{2001-06-06 19:00:00, 2001-06-13 19:00:00}",328,455,403
www.etsy.com,"{2001-06-13 19:00:00, 2001-06-20 19:00:00}",335,475,459
www.etsy.com,"{2001-06-20 19:00:00, 2001-06-27 19:00:00}",350,495,468
www.etsy.com,"{2001-06-27 19:00:00, 2001-07-04 19:00:00}",345,555,536
www.etsy.com,"{2001-07-04 19:00:00, 2001-07-11 19:00:00}",338,539,478
www.etsy.com,"{2001-07-11 19:00:00, 2001-07-18 19:00:00}",338,506,459
www.etsy.com,"{2001-07-18 19:00:00, 2001-07-25 19:00:00}",349,591,577
www.etsy.com,"{2001-07-25 19:00:00, 2001-08-01 19:00:00}",347,604,577
www.etsy.com,"{2001-08-01 19:00:00, 2001-08-08 19:00:00}",344,528,506
www.etsy.com,"{2001-08-08 19:00:00, 2001-08-15 19:00:00}",339,438,414
www.etsy.com,"{2001-08-15 19:00:00, 2001-08-22 19:00:00}",338,506,485
www.etsy.com,"{2001-08-22 19:00:00, 2001-08-29 19:00:00}",333,586,543
www.etsy.com,"{2001-08-29 19:00:00, 2001-09-05 19:00:00}",329,438,419
www.etsy.com,"{2001-09-05 19:00:00, 2001-09-12 19:00:00}",322,400,374
www.etsy.com,"{2001-09-12 19:00:00, 2001-09-19 19:00:00}",337,525,510
www.etsy.com,"{2001-09-19 19:00:00, 2001-09-26 19:00:00}",331,427,402
www.etsy.com,"{2001-09-26 19:00:00, 2001-10-03 19:00:00}",334,431,417
www.etsy.com,"{2001-10-03 19:00:00, 2001-10-10 19:00:00}",320,494,462
www.etsy.com,"{2001-10-10 19:00:00, 2001-10-17 19:00:00}",310,415,384
www.etsy.com,"{2001-10-17 19:00:00, 2001-10-24 19:00:00}",327,520,476
www.etsy.com,"{2001-10-24 19:00:00, 2001-10-31 18:00:00}",318,488,477
www.etsy.com,"{2001-10-31 18:00:00, 2001-11-07 18:00:00}",324,539,518
www.etsy.com,"{2001-11-07 18:00:00, 2001-11-14 18:00:00}",317,551,539
www.etsy.com,"{2001-11-14 18:00:00, 2001-11-21 18:00:00}",321,507,487
www.etsy.com,"{2001-11-21 18:00:00, 2001-11-28 18:00:00}",296,391,361
www.etsy.com,"{2001-11-28 18:00:00, 2001-12-05 18:00:00}",293,480,466
www.etsy.com,"{2001-12-05 18:00:00, 2001-12-12 18:00:00}",292,477,449
www.etsy.com,"{2001-12-12 18:00:00, 2001-12-19 18:00:00}",290,431,420
www.etsy.com,"{2001-12-19 18:00:00, 2001-12-26 18:00:00}",290,404,390
www.etsy.com,"{2001-12-26 18:00:00, 2002-01-02 18:00:00}",289,328,308
www.etsy.com,"{2002-01-02 18:00:00, 2002-01-09 18:00:00}",288,401,387
www.etsy.com,"{2002-01-09 18:00:00, 2002-01-16 18:00:00}",275,448,416
www.etsy.com,"{2002-01-16 18:00:00, 2002-01-23 18:00:00}",278,384,374
www.etsy.com,"{2002-01-23 18:00:00, 2002-01-30 18:00:00}",273,344,325
www.etsy.com,"{2002-01-30 18:00:00, 2002-02-06 18:00:00}",261,442,392
www.etsy.com,"{2002-02-06 18:00:00, 2002-02-13 18:00:00}",276,435,417
www.etsy.com,"{2002-02-13 18:00:00, 2002-02-20 18:00:00}",273,419,398
www.etsy.com,"{2002-02-20 18:00:00, 2002-02-27 18:00:00}",278,367,353
www.etsy.com,"{2002-02-27 18:00:00, 2002-03-06 18:00:00}",276,375,363
www.etsy.com,"{2002-03-06 18:00:00, 2002-03-13 18:00:00}",272,473,463
www.etsy.com,"{2002-03-13 18:00:00, 2002-03-20 18:00:00}",285,461,419
www.etsy.com,"{2002-03-20 18:00:00, 2002-03-27 18:00:00}",289,441,431
www.etsy.com,"{2002-03-27 18:00:00, 2002-04-03 18:00:00}",294,430,411
www.etsy.com,"{2002-04-03 18:00:00, 2002-04-10 19:00:00}",287,471,421
www.etsy.com,"{2002-04-10 19:00:00, 2002-04-17 19:00:00}",291,397,386
www.etsy.com,"{2002-04-17 19:00:00, 2002-04-24 19:00:00}",300,441,426
www.etsy.com,"{2002-04-24 19:00:00, 2002-05-01 19:00:00}",301,419,410
www.etsy.com,"{2002-05-01 19:00:00, 2002-05-08 19:00:00}",293,416,405
www.etsy.com,"{2002-05-08 19:00:00, 2002-05-15 19:00:00}",300,407,399
www.etsy.com,"{2002-05-15 19:00:00, 2002-05-22 19:00:00}",297,492,431
www.etsy.com,"{2002-05-22 19:00:00, 2002-05-29 19:00:00}",292,421,407
www.etsy.com,"{2002-05-29 19:00:00, 2002-06-05 19:00:00}",303,469,421
www.etsy.com,"{2002-06-05 19:00:00, 2002-06-12 19:00:00}",289,400,387
www.etsy.com,"{2002-06-12 19:00:00, 2002-06-19 19:00:00}",289,370,355
www.etsy.com,"{2002-06-19 19:00:00, 2002-06-26 19:00:00}",295,481,437
www.etsy.com,"{2002-06-26 19:00:00, 2002-07-03 19:00:00}",293,452,433
www.etsy.com,"{2002-07-03 19:00:00, 2002-07-10 19:00:00}",284,435,408
www.etsy.com,"{2002-07-10 19:00:00, 2002-07-17 19:00:00}",284,356,343
www.etsy.com,"{2002-07-17 19:00:00, 2002-07-24 19:00:00}",269,401,366
www.etsy.com,"{2002-07-24 19:00:00, 2002-07-31 19:00:00}",267,394,372
www.etsy.com,"{2002-07-31 19:00:00, 2002-08-07 19:00:00}",255,371,361
www.etsy.com,"{2002-08-07 19:00:00, 2002-08-14 19:00:00}",268,447,436
www.etsy.com,"{2002-08-14 19:00:00, 2002-08-21 19:00:00}",267,411,397
www.etsy.com,"{2002-08-21 19:00:00, 2002-08-28 19:00:00}",263,351,325
www.etsy.com,"{2002-08-28 19:00:00, 2002-09-04 19:00:00}",274,410,380
www.etsy.com,"{2002-09-04 19:00:00, 2002-09-11 19:00:00}",273,393,386
www.etsy.com,"{2002-09-11 19:00:00, 2002-09-18 19:00:00}",275,373,354
www.etsy.com,"{2002-09-18 19:00:00, 2002-09-25 19:00:00}",260,376,363
www.etsy.com,"{2002-09-25 19:00:00, 2002-10-02 19:00:00}",270,381,365
www.etsy.com,"{2002-10-02 19:00:00, 2002-10-09 19:00:00}",270,495,475
www.etsy.com,"{2002-10-09 19:00:00, 2002-10-16 19:00:00}",287,443,395
www.etsy.com,"{2002-10-16 19:00:00, 2002-10-23 19:00:00}",276,396,368
www.etsy.com,"{2002-10-23 19:00:00, 2002-10-30 18:00:00}",261,411,381
www.etsy.com,"{2002-10-30 18:00:00, 2002-11-06 18:00:00}",260,377,362
www.etsy.com,"{2002-11-06 18:00:00, 2002-11-13 18:00:00}",251,353,332
www.etsy.com,"{2002-11-13 18:00:00, 2002-11-20 18:00:00}",250,378,362
www.etsy.com,"{2002-11-20 18:00:00, 2002-11-27 18:00:00}",242,332,315
www.etsy.com,"{2002-11-27 18:00:00, 2002-12-04 18:00:00}",246,370,357
www.etsy.com,"{2002-12-04 18:00:00, 2002-12-11 18:00:00}",240,337,313
www.etsy.com,"{2002-12-11 18:00:00, 2002-12-18 18:00:00}",248,378,356
www.etsy.com,"{2002-12-18 18:00:00, 2002-12-25 18:00:00}",242,308,293
www.netflix.com,"{2000-01-05 18:00:00, 2000-01-12 18:00:00}",72,147,139
www.netflix.com,"{2000-01-12 18:00:00, 2000-01-19 18:00:00}",70,140,137
www.netflix.com,"{2000-01-19 18:00:00, 2000-01-26 18:00:00}",70,149,146
www.netflix.com,"{2000-01-26 18:00:00, 2000-02-02 18:00:00}",70,155,151
www.netflix.com,"{2000-02-02 18:00:00, 2000-02-09 18:00:00}",69,105,104
www.netflix.com,"{2000-02-09 18:00:00, 2000-02-16 18:00:00}",68,78,77
www.netflix.com,"{2000-02-16 18:00:00, 2000-02-23 18:00:00}",71,145,140
www.netflix.com,"{2000-02-23 18:00:00, 2000-03-01 18:00:00}",70,149,145
www.netflix.com,"{2000-03-01 18:00:00, 2000-03-08 18:00:00}",69,131,128
www.netflix.com,"{2000-03-08 18:00:00, 2000-03-15 18:00:00}",68,89,88
www.netflix.com,"{2000-03-15 18:00:00, 2000-03-22 18:00:00}",69,97,94
www.netflix.com,"{2000-03-22 18:00:00, 2000-03-29 18:00:00}",71,173,171
www.netflix.com,"{2000-03-29 18:00:00, 2000-04-05 19:00:00}",66,158,151
www.netflix.com,"{2000-04-05 19:00:00, 2000-04-12 19:00:00}",72,112,110
www.netflix.com,"{2000-04-12 19:00:00, 2000-04-19 19:00:00}",71,114,108
www.netflix.com,"{2000-04-19 19:00:00, 2000-04-26 19:00:00}",71,130,125
www.netflix.com,"{2000-04-26 19:00:00, 2000-05-03 19:00:00}",71,186,185
www.netflix.com,"{2000-05-03 19:00:00, 2000-05-10 19:00:00}",72,108,105
www.netflix.com,"{2000-05-10 19:00:00, 2000-05-17 19:00:00}",76,164,158
www.netflix.com,"{2000-05-17 19:00:00, 2000-05-24 19:00:00}",79,121,117
www.netflix.com,"{2000-05-24 19:00:00, 2000-05-31 19:00:00}",74,151,150
www.netflix.com,"{2000-05-31 19:00:00, 2000-06-07 19:00:00}",78,128,127
www.netflix.com,"{2000-06-07 19:00:00, 2000-06-14 19:00:00}",74,113,110
www.netflix.com,"{2000-06-14 19:00:00, 2000-06-21 19:00:00}",74,168,165
www.netflix.com,"{2000-06-21 19:00:00, 2000-06-28 19:00:00}",77,120,99
www.netflix.com,"{2000-06-28 19:00:00, 2000-07-05 19:00:00}",75,125,111
www.netflix.com,"{2000-07-05 19:00:00, 2000-07-12 19:00:00}",77,139,132
www.netflix.com,"{2000-07-12 19:00:00, 2000-07-19 19:00:00}",80,156,147
www.netflix.com,"{2000-07-19 19:00:00, 2000-07-26 19:00:00}",75,122,119
www.netflix.com,"{2000-07-26 19:00:00, 2000-08-02 19:00:00}",77,105,103
www.netflix.com,"{2000-08-02 19:00:00, 2000-08-09 19:00:00}",72,134,130
www.netflix.com,"{2000-08-09 19:00:00, 2000-08-16 19:00:00}",77,102,93
www.netflix.com,"{2000-08-16 19:00:00, 2000-08-23 19:00:00}",79,163,161
www.netflix.com,"{2000-08-23 19:00:00, 2000-08-30 19:00:00}",78,151,148
www.netflix.com,"{2000-08-30 19:00:00, 2000-09-06 19:00:00}",75,144,133
www.netflix.com,"{2000-09-06 19:00:00, 2000-09-13 19:00:00}",76,154,149
www.netflix.com,"{2000-09-13 19:00:00, 2000-09-20 19:00:00}",82,116,115
www.netflix.com,"{2000-09-20 19:00:00, 2000-09-27 19:00:00}",87,145,140
www.netflix.com,"{2000-09-27 19:00:00, 2000-10-04 19:00:00}",78,140,136
www.netflix.com,"{2000-10-04 19:00:00, 2000-10-11 19:00:00}",86,173,168
www.netflix.com,"{2000-10-11 19:00:00, 2000-10-18 19:00:00}",83,143,126
www.netflix.com,"{2000-10-18 19:00:00, 2000-10-25 19:00:00}",81,168,168
www.netflix.com,"{2000-10-25 19:00:00, 2000-11-01 18:00:00}",83,160,156
www.netflix.com,"{2000-11-01 18:00:00, 2000-11-08 18:00:00}",87,153,146
www.netflix.com,"{2000-11-08 18:00:00, 2000-11-15 18:00:00}",84,173,169
www.netflix.com,"{2000-11-15 18:00:00, 2000-11-22 18:00:00}",82,103,100
www.netflix.com,"{2000-11-22 18:00:00, 2000-11-29 18:00:00}",83,151,146
www.netflix.com,"{2000-11-29 18:00:00, 2000-12-06 18:00:00}",87,152,148
www.netflix.com,"{2000-12-06 18:00:00, 2000-12-13 18:00:00}",82,156,153
www.netflix.com,"{2000-12-13 18:00:00, 2000-12-20 18:00:00}",86,141,138
www.netflix.com,"{2000-12-20 18:00:00, 2000-12-27 18:00:00}",84,133,129
www.netflix.com,"{2000-12-27 18:00:00, 2001-01-03 18:00:00}",82,181,170
www.netflix.com,"{2001-01-03 18:00:00, 2001-01-10 18:00:00}",85,119,116
www.netflix.com,"{2001-01-10 18:00:00, 2001-01-17 18:00:00}",80,145,141
www.netflix.com,"{2001-01-17 18:00:00, 2001-01-24 18:00:00}",87,137,132
www.netflix.com,"{2001-01-24 18:00:00, 2001-01-31 18:00:00}",90,197,192
www.netflix.com,"{2001-01-31 18:00:00, 2001-02-07 18:00:00}",87,137,122
www.netflix.com,"{2001-02-07 18:00:00, 2001-02-14 18:00:00}",92,167,152
www.netflix.com,"{2001-02-14 18:00:00, 2001-02-21 18:00:00}",90,171,158
www.netflix.com,"{2001-02-21 18:00:00, 2001-02-28 18:00:00}",91,179,175
www.netflix.com,"{2001-02-28 18:00:00, 2001-03-07 18:00:00}",89,117,108
www.netflix.com,"{2001-03-07 18:00:00, 2001-03-14 18:00:00}",94,152,151
www.netflix.com,"{2001-03-14 18:00:00, 2001-03-21 18:00:00}",88,159,147
www.netflix.com,"{2001-03-21 18:00:00, 2001-03-28 18:00:00}",93,136,132
www.netflix.com,"{2001-03-28 18:00:00, 2001-04-04 19:00:00}",98,147,141
www.netflix.com,"{2001-04-04 19:00:00, 2001-04-11 19:00:00}",100,201,179
www.netflix.com,"{2001-04-11 19:00:00, 2001-04-18 19:00:00}",96,171,166
www.netflix.com,"{2001-04-18 19:00:00, 2001-04-25 19:00:00}",97,188,167
www.netflix.com,"{2001-04-25 19:00:00, 2001-05-02 19:00:00}",91,158,154
www.netflix.com,"{2001-05-02 19:00:00, 2001-05-09 19:00:00}",102,181,175
www.netflix.com,"{2001-05-09 19:00:00, 2001-05-16 19:00:00}",92,156,154
www.netflix.com,"{2001-05-16 19:00:00, 2001-05-23 19:00:00}",101,175,171
www.netflix.com,"{2001-05-23 19:00:00, 2001-05-30 19:00:00}",102,225,182
www.netflix.com,"{2001-05-30 19:00:00, 2001-06-06 19:00:00}",107,177,173
www.netflix.com,"{2001-06-06 19:00:00, 2001-06-13 19:00:00}",104,175,172
www.netflix.com,"{2001-06-13 19:00:00, 2001-06-20 19:00:00}",104,171,168
www.netflix.com,"{2001-06-20 19:00:00, 2001-06-27 19:00:00}",104,152,132
www.netflix.com,"{2001-06-27 19:00:00, 2001-07-04 19:00:00}",103,183,179
www.netflix.com,"{2001-07-04 19:00:00, 2001-07-11 19:00:00}",104,227,205
www.netflix.com,"{2001-07-11 19:00:00, 2001-07-18 19:00:00}",106,232,224
www.netflix.com,"{2001-07-18 19:00:00, 2001-07-25 19:00:00}",110,234,226
www.netflix.com,"{2001-07-25 19:00:00, 2001-08-01 19:00:00}",109,176,165
www.netflix.com,"{2001-08-01 19:00:00, 2001-08-08 19:00:00}",112,256,220
www.netflix.com,"{2001-08-08 19:00:00, 2001-08-15 19:00:00}",113,219,216
www.netflix.com,"{2001-08-15 19:00:00, 2001-08-22 19:00:00}",109,175,165
www.netflix.com,"{2001-08-22 19:00:00, 2001-08-29 19:00:00}",112,264,262
www.netflix.com,"{2001-08-29 19:00:00, 2001-09-05 19:00:00}",113,165,158
www.netflix.com,"{2001-09-05 19:00:00, 2001-09-12 19:00:00}",117,267,253
www.netflix.com,"{2001-09-12 19:00:00, 2001-09-19 19:00:00}",116,191,189
www.netflix.com,"{2001-09-19 19:00:00, 2001-09-26 19:00:00}",121,252,235
www.netflix.com,"{2001-09-26 19:00:00, 2001-10-03 19:00:00}",117,182,177
www.netflix.com,"{2001-10-03 19:00:00, 2001-10-10 19:00:00}",123,228,223
www.netflix.com,"{2001-10-10 19:00:00, 2001-10-17 19:00:00}",127,241,218
www.netflix.com,"{2001-10-17 19:00:00, 2001-10-24 19:00:00}",121,177,164
www.netflix.com,"{2001-10-24 19:00:00, 2001-10-31 18:00:00}",128,263,251
www.netflix.com,"{2001-10-31 18:00:00, 2001-11-07 18:00:00}",134,239,233
www.netflix.com,"{2001-11-07 18:00:00, 2001-11-14 18:00:00}",135,184,174
www.netflix.com,"{2001-11-14 18:00:00, 2001-11-21 18:00:00}",143,297,280
www.netflix.com,"{2001-11-21 18:00:00, 2001-11-28 18:00:00}",139,233,226
www.netflix.com,"{2001-11-28 18:00:00, 2001-12-05 18:00:00}",137,245,236
www.netflix.com,"{2001-12-05 18:00:00, 2001-12-12 18:00:00}",139,205,200
www.netflix.com,"{2001-12-12 18:00:00, 2001-12-19 18:00:00}",141,240,239
www.netflix.com,"{2001-12-19 18:00:00, 2001-12-26 18:00:00}",138,285,284
www.netflix.com,"{2001-12-26 18:00:00, 2002-01-02 18:00:00}",139,294,285
www.netflix.com,"{2002-01-02 18:00:00, 2002-01-09 18:00:00}",139,267,247
www.netflix.com,"{2002-01-09 18:00:00, 2002-01-16 18:00:00}",142,223,214
www.netflix.com,"{2002-01-16 18:00:00, 2002-01-23 18:00:00}",148,303,269
www.netflix.com,"{2002-01-23 18:00:00, 2002-01-30 18:00:00}",144,330,316
www.netflix.com,"{2002-01-30 18:00:00, 2002-02-06 18:00:00}",148,283,276
www.netflix.com,"{2002-02-06 18:00:00, 2002-02-13 18:00:00}",145,224,219
www.netflix.com,"{2002-02-13 18:00:00, 2002-02-20 18:00:00}",145,226,210
www.netflix.com,"{2002-02-20 18:00:00, 2002-02-27 18:00:00}",145,266,261
www.netflix.com,"{2002-02-27 18:00:00, 2002-03-06 18:00:00}",146,248,233
www.netflix.com,"{2002-03-06 18:00:00, 2002-03-13 18:00:00}",141,209,177
www.netflix.com,"{2002-03-13 18:00:00, 2002-03-20 18:00:00}",149,296,279
www.netflix.com,"{2002-03-20 18:00:00, 2002-03-27 18:00:00}",139,187,149
www.netflix.com,"{2002-03-27 18:00:00, 2002-04-03 18:00:00}",147,198,193
www.netflix.com,"{2002-04-03 18:00:00, 2002-04-10 19:00:00}",145,245,236
www.netflix.com,"{2002-04-10 19:00:00, 2002-04-17 19:00:00}",147,270,263
www.netflix.com,"{2002-04-17 19:00:00, 2002-04-24 19:00:00}",144,245,238
www.netflix.com,"{2002-04-24 19:00:00, 2002-05-01 19:00:00}",147,282,266
www.netflix.com,"{2002-05-01 19:00:00, 2002-05-08 19:00:00}",146,265,259
www.netflix.com,"{2002-05-08 19:00:00, 2002-05-15 19:00:00}",143,266,256
www.netflix.com,"{2002-05-15 19:00:00, 2002-05-22 19:00:00}",146,315,308
www.netflix.com,"{2002-05-22 19:00:00, 2002-05-29 19:00:00}",148,221,215
www.netflix.com,"{2002-05-29 19:00:00, 2002-06-05 19:00:00}",142,250,232
www.netflix.com,"{2002-06-05 19:00:00, 2002-06-12 19:00:00}",150,239,229
www.netflix.com,"{2002-06-12 19:00:00, 2002-06-19 19:00:00}",145,251,244
www.netflix.com,"{2002-06-19 19:00:00, 2002-06-26 19:00:00}",148,298,291
www.netflix.com,"{2002-06-26 19:00:00, 2002-07-03 19:00:00}",144,287,264
www.netflix.com,"{2002-07-03 19:00:00, 2002-07-10 19:00:00}",156,238,230
www.netflix.com,"{2002-07-10 19:00:00, 2002-07-17 19:00:00}",155,309,299
www.netflix.com,"{2002-07-17 19:00:00, 2002-07-24 19:00:00}",156,302,285
www.netflix.com,"{2002-07-24 19:00:00, 2002-07-31 19:00:00}",160,388,378
www.netflix.com,"{2002-07-31 19:00:00, 2002-08-07 19:00:00}",156,288,284
www.netflix.com,"{2002-08-07 19:00:00, 2002-08-14 19:00:00}",163,321,315
www.netflix.com,"{2002-08-14 19:00:00, 2002-08-21 19:00:00}",163,285,268
www.netflix.com,"{2002-08-21 19:00:00, 2002-08-28 19:00:00}",156,279,273
www.netflix.com,"{2002-08-28 19:00:00, 2002-09-04 19:00:00}",163,273,266
www.netflix.com,"{2002-09-04 19:00:00, 2002-09-11 19:00:00}",164,279,273
www.netflix.com,"{2002-09-11 19:00:00, 2002-09-18 19:00:00}",159,240,204
www.netflix.com,"{2002-09-18 19:00:00, 2002-09-25 19:00:00}",157,228,223
www.netflix.com,"{2002-09-25 19:00:00, 2002-10-02 19:00:00}",158,331,325
www.netflix.com,"{2002-10-02 19:00:00, 2002-10-09 19:00:00}",159,317,282
www.netflix.com,"{2002-10-09 19:00:00, 2002-10-16 19:00:00}",159,285,277
www.netflix.com,"{2002-10-16 19:00:00, 2002-10-23 19:00:00}",170,321,300
www.netflix.com,"{2002-10-23 19:00:00, 2002-10-30 18:00:00}",169,334,322
www.netflix.com,"{2002-10-30 18:00:00, 2002-11-06 18:00:00}",167,343,309
www.netflix.com,"{2002-11-06 18:00:00, 2002-11-13 18:00:00}",164,310,295
www.netflix.com,"{2002-11-13 18:00:00, 2002-11-20 18:00:00}",163,291,289
www.netflix.com,"{2002-11-20 18:00:00, 2002-11-27 18:00:00}",169,275,268
www.netflix.com,"{2002-11-27 18:00:00, 2002-12-04 18:00:00}",165,395,378
www.netflix.com,"{2002-12-04 18:00:00, 2002-12-11 18:00:00}",171,360,351
www.netflix.com,"{2002-12-11 18:00:00, 2002-12-18 18:00:00}",173,351,329
www.netflix.com,"{2002-12-18 18:00:00, 2002-12-25 18:00:00}",180,288,275
